ВидНоменклатуры	Код	Артикул	Наименование	Ед
Упаковка	276	BOXAzov	Гофрокороб 430*290*710 Т-24 бурый	шт
Упаковка	277	BOXF50	Гофрокороб 485*395*510 Т-24 бурый	шт
Упаковка	278	BOXAttika	Гофрокороб 500*295*710 Т-24 бурый	шт
Упаковка	279	BOXF50LK	Гофрокороб 510*400*455 Т-24 бурый	шт
Упаковка	280	BOXReal	Гофрокороб 545*345*465 Т-24 бурый	шт
Упаковка	281	BOXDublin	Гофрокороб 570*450*660 Т-24 бурый	шт
Упаковка	282	BOXZP	Гофрокороб 610*130*710 Т-24 бурый	шт
Упаковка	283	BOXF60LKC	Гофрокороб 610*400*460 Т-24 бурый	шт
Упаковка	336		Лента клейкая 48*50 бел. 1 цв. СКС	пог. м
Упаковка	337	0120-434Х	Лента упаковочная 48мм*66м "Нова Ролл 204", прозр.	пог. м
Упаковка	338	0120-534Х	Лента упаковочная 48мм*66м "Нова Ролл 205", прозр.	пог. м
Упаковка	380	0405-044/	Пакет Zip-Lock 150мм*200мм 30 мкм	шт
Упаковка	381		Пакет Zip-Lock 200мм*250мм	шт
Упаковка	382		Пакет Zip-Lock 200мм*300мм	шт
Упаковка	383	0405-034/	Пакет Zip-Lock 60мм*80мм 25 мкм	шт
Упаковка	384		Пакет Zip-Lock 60мм*80мм 25мкм	шт
Упаковка	406		Риббон L.KURZ Wax Black (K100) 110 мм/300 м	м
Упаковка	407		Риббон L.KURZ Wax Black (K100N) 80мм/300м	м
Упаковка	445		Этикетка самоклеящаяся "ТермоЭКО", 30*20 мм	шт
Упаковка	446		Этикетка самоклеящаяся п/г бум., 75*120 мм	шт
Упаковка	920		Лента упаковочная 48мм*66м "Нова Ролл 203", прозр.	пог. м
Упаковка	927	BOXDreja	Гофрокороб 458*360*710 Т-24 бурый	шт
Упаковка	1223		Пленка стретч NR	шт
Упаковка	1350	BOXQdr	Гофрокороб 610*455*555 Т-24 бурый	шт
Упаковка	1418		Лента клейкая 72*50 бел. 2 цв. СКС	пог. м
Упаковка	1593		Этикетка самоклеящаяся "ТермоТОП", 75*120 мм (втулка 40мм, намотка 0,3 тыс.шт., 1ряд)	шт
Упаковка	1594		Пенополистирол ПСБС 15 (1*1,2*0,02), лист 1,2м2	м2
Упаковка	1648	BOXTolPrKrov	Гофрокороб 470*470*455 Т-24 бурый	шт
Упаковка	1649	BOXTolVan	Гофрокороб 640*460*550 Т-24 бурый	шт
Упаковка	1653	уг606020	Уголок из пенопласта 60*60 мм (толщина 20)	шт
Упаковка	1654		Лента п/п 15*1 d200 белый (1200м)	пог. м
Упаковка	1655		Уголок защитный пластиковый 50мм (70*110 65мм)	шт
Упаковка	1656		Уголок упаковочный У-1 К	шт
Упаковка	1657		Скрепа упаковочная 16мм (PP16) оцинкованная (1000шт)	шт
Упаковка	1658		Скрепа PET 16 оц.	шт
Упаковка	1659		Пленка 50см/20мк (прозр.первичка, нетто 1,4кг)	шт
Упаковка	1660		Скотч 48/120/45 (FP) прозрачный	шт
Упаковка	1661		Лента ПЭТ упаковочная 16*1 (1100м)	пог. м
Упаковка	1663		Подложка упаковочная вспененная Стенофон 2 мм 1.05х50 м 52,5 кв.м	пог. м
Упаковка	1689		Уголок упаковочный 22мм	шт
Упаковка	1690		Уголок 17 мм прозрачный	шт
Компакт плиты	1793		Паллета 4200*1400	шт
Упаковка	1913	BOXQdrCB1	Гофрокороб 610*470*455 Т-24 бурый	шт
Упаковка	1980		Термоэтикетка, ширина 30мм (20мм, 2000шт/рулон, втулка 40мм)	шт
Упаковка	1996		Гофрокартон ДС ролевой ф. 105 см (намотка 25 м)	пог. м
Упаковка	2390	BOXF60LK-3	Гофрокороб 580*400*450 Т-24 бурый	шт
Толкатели	137	TLK-04M-WT	Упор-защелка фасада с магнитом, белый	шт
Направляющие	227	BUZ345B.300Zl	Направляющие шариковые полного выдвижения JET с доводчиком, ширина 45мм, длина 300мм	компл
Временная / техническая	247		Техническая номенклатура (рабочее)	м3
Зеркала и стекла	262		Зеркало 4мм серое, 345*905, с обработкой	шт
Петли мебельные	263	10154	Петля накладная Slide-On с площадкой под саморез	шт
Толкатели	269		Амортизатор D10 врезной стандартный	шт
Толкатели	270		Амортизатор Salic type, 20142	шт
Метизы	271	БП-00046481	Болт М6х50 нерж. А2 DIN 933	шт
Метизы	273	119431	Винт с полукруглой головкой М4х20-45 универсальный DIN967	шт
Выключатели	274		Выключатель врезной Кнопка, белый	шт
Метизы	275	4,60716E+12	Гайка с фланцем самостопор. М6 DIN6923	шт
ДСП	284		ДСП 16мм Белый премиум W1000 ST9 Шуя	м2
ДСП	285		ДСП 25мм Дуб Небраска натуральный Н3331 ST10 Шуя	м2
Метизы	286		Дюбель Tchappai синий 8х40	шт
Метизы	287		Дюбель-гвоздь 6х40 потайной борт	шт
Стяжки/эксцентрики/евровинты	288	3851	Евровинт 7,0х50 стальной, оцинкованный	шт
Стяжки/эксцентрики/евровинты	289	801794	Еврошуруп пот.гол.оцинк. 6,3х13	шт
Заглушки	290	3633	Заглушка №23 под шестигранник	шт
Заглушки	291	4261	Заглушка эксцентрика №23	шт
Заглушки	292		Заглушка эксцентрика платиново-серый	шт
Зеркала и стекла	293		Зеркало 4мм 500*700	шт
Зеркала и стекла	294		Зеркало 4мм 500*700 с матовкой	шт
Клеи	295		Клей для стекла и зеркал	шт
Клеи	296		Клей ПУ KLEIBERIT 435.7	кг
Клеи	297		Клей-расплав Unimelt 519, Турция	кг
Опоры	298	9447	Клипса универсальная черная (для кух. опоры)	шт
Системы выдвижения	299	15512	Комплект Tango на ящик 500мм с традиционными боковинами стандартной высоты, белый	компл
Профили	300		Комплектующие для Профиля №10 серебро	шт
Натяжители	302	10105	Корректор фасада врезной TN101, регулировка посередине 1988мм	шт
Профили	303	68441	Крепежная полоса анодированная 2000 мм	шт
Кромка	304		Кромка ПВХ 0,4*19 Белый Премиум (2000пм)	пог. м
Кромка	305		Кромка ABS Белый платиновый W980 SM б/к 28х0,4 мм	пог. м
Кромка	306		Кромка ABS Диамант серый U963 ST9 б/к 19*0,4	пог. м
Кромка	307		Кромка ABS Диамант серый U963 ST9 б/к 19*0,8	пог. м
Кромка	308		Кромка ABS Оникс серый U960 ST9 б/к 19*0,4	пог. м
Кромка	309		Кромка ABS Серый пыльный U732 ST9 б/к 19*0,4 мм	пог. м
Кромка	310		Кромка меламин. с клеем 40мм, белый фон 2250	пог. м
Кромка	311		Кромка ПВХ 0,4*19 без клея Серый кристалл (200п.м)	пог. м
Кромка	312		Кромка ПВХ 0,4*19 Дуб Атланта 4158 (200м)	пог. м
Кромка	313		Кромка ПВХ 0,4*19 Белая гладкая 2001	пог. м
Кромка	314		Кромка ПВХ 0,4*19 Титан 8973 (200м)	пог. м
Кромка	315		Кромка ПВХ 1*19 Белая гладкая 2001PR (200м)	пог. м
Кромка	316		Кромка ПВХ 2*19 Капучино 0301	пог. м
Кромка	317		Кромка ПВХ 2*19 Кашемир 5981	пог. м
Кромка	318		Кромка ПВХ 2*19 Белая гладкая 2001	пог. м
Кромка	319		Кромка ПВХ 2*19 Сливочный / Кремовый	пог. м
Кромка	320		Кромка ПВХ 2*25 Дуб Атланта 6286 (100м)	пог. м
ДСП	321		ЛДСП 16мм Дуб Шамони 2750*1830	м2
ДСП	322		ЛДСП 16мм Платина 2750*1830	м2
ДСП	323		ЛДСП 2750*1830*16мм (белый фон, матовая), Вохтога	м2
ДСП	324		ЛДСП 6459 SM Белый Платинум/Гладкая	м2
ДСП	325		ЛДСП 8681 SU Белый Бриллиант/Гладкая 2800*2070*16	м2
ДСП	326		ЛДСП Lamarty 2750*1830*16мм Белый	м2
ДСП	327		ЛДСП Белый гладкий W3342G 2500*1830*16	м2
ДСП	328		ЛДСП Белый гладкий W3343G 2800*2070*16	м2
ДСП	329		ЛДСП Белый Гладкий Матовый 16мм 2750*1830 Шексна	м2
ДСП	330		ЛДСП Белый Супер ГЛАДКИЙ (Матовый) 16мм 2750*1830 Шексна	м2
ДСП	331		ЛДСП Белый Супер Кристалл 16мм 2750*1830 Шексна	м2
ДСП	332		ЛДСП 16мм Капучино 2750*1830	м2
ДСП	333		ЛДСП 16мм Кашемир 2750*1830	м2
ДСП	334		ЛДСП 16мм Сливочный 2750*1830	м2
ДСП	335		ЛДСП сорт1/1 тип Р2 2750*1830*16мм (белый-супер, матовый)	м2
МДФ	339		ЛМДФ 1 ст.Белый/Гладкая Deep 2800*2070*16	м2
МДФ	340		ЛМДФ 1ст. Белый/Стандарт ST 2500*2070*16	м2
Толкатели	341	MAG A16	Магнит под саморез, D16мм	шт
МДФ	342		МДФ MB двусторонний белый платиновый ламинированный W980SM/W980SM 2800*2070*10 мм EGGER	м2
МДФ	343		МДФ MB односторонняя белая ламинированная W980SM 2800*2070*19 мм EGGER	м2
МДФ	344		МДФ ST односторонняя Белая ламинированная W980 SM 2800*2070*16мм EGGER	м2
МДФ	345		МДФ ламинированный односторонний белый 2800*2070*19мм Кастамону	м2
МДФ	346		МДФ ламинированный односторонний белый 2800*2070*19мм Кроностар	м2
МДФ	347		МДФ Серый 3мм 2500*2070	м2
МДФ	348		МДФ Шлиф. 19мм*2800*2070 Кастамону F	м2
Упаковка	349		Наклейка объемная смоляная SKS 10*20мм	шт
Направляющие	350	NS-FK-P03-350	Направляющая скр. монтажа (полное выдв., с регул. планкой), push-to-open, 350 мм	компл
Направляющие	351	15660	Направляющие для ящика Unihopper Magic Box, 300мм, push-to-open	компл
Направляющие	352	10412	Направляющие для ящика Unihopper Magic Box, 300мм, с доводчиком	компл
Направляющие	353	15661	Направляющие для ящика Unihopper Magic Box, 350мм, push-to-open	компл
Направляющие	354	10411	Направляющие для ящика Unihopper Magic Box, 350мм, с доводчиком	компл
Направляющие	355	10441	Направляющие скрытого типа EXCEL FGV 300мм 3D Clip-on полного выдв. с доводчиком	компл
Направляющие	356	DB8881Zn/300	Направляющие скрытые для ящиков полного выдвижения 300мм с доводчиком, B-Slide, Boyard	компл
Направляющие	357	10417	Направляющие шариковые полного выдвижения 250мм H=35мм, ECO	компл
Направляющие	358	10418	Направляющие шариковые полного выдвижения 300мм H=35мм	компл
Направляющие	359	10424	Направляющие шариковые полного выдвижения 300мм, Н=45 ECO	компл
Направляющие	360	13001	Направляющие шариковые полного выдвижения MF с доводчиком, ширина 45мм, длина 300мм	компл
Направляющие	361	15371	Направляющие шариковые полного выдвижения Push to open с доводчиком 45*350мм	компл
Направляющие	362	20100	Направляющие шариковые скр. типа MF, полного выдвижения, Clip-on, с доводчиком, 300мм	компл
Направляющие	363		Направляющие шариковые скр. типа MF, полного выдвижения, Clip-on, с доводчиком, 450мм	компл
Направляющие	364		Направляющие шариковые скр. типа MF, полного выдвижения, Clip-on, с доводчиком, 500мм	компл
Направляющие	365	9802	Направляющие шариковые скрытого типа 300мм Clip-on полного выдв. с доводчиком	компл
Направляющие	366	18050	Направляющие шариковые скрытого типа 300мм Clip-on полного выдв. push to open, 3D	компл
Направляющие	367	DM45-300-POW	Направляющие шариковые, полного выдвижения push-to-open, 45/300 мм	компл
Направляющие	368	DM45-300DW	Направляющие шариковые, полного выдвижения с доводчиком, 45/300 мм	компл
Направляющие	369	DM35-250W	Направляющие шариковые, полного выдвижения, 35/250 мм	компл
Опоры	370	120986	Опора для корпусной мебели FF-100 40*40, H50-70, квадратная, пластиковая, матовый хром	шт
Ограничители сифона	371		Ограничитель для сифона пластиковый U-образный антрацит	шт
Ограничители сифона	372		Ограничитель для сифона пластиковый U-образный белый	шт
Ограничители сифона	373		Ограничитель для сифона пластиковый U-образный серый	шт
Опоры	374	ADJ6.020CM	Опора декоративная H20+8мм хром матовый	шт
Опоры	375	4775	Опора кух. рег. 95-125мм, разборная, черная (без винта и клипсы)	шт
Опоры	376	1247	Опора регулируемая ОРС 01-К	шт
Метизы	377	46441	Демпферы, отбойники силиконовые (10х1,5мм)	шт
ЛКМ	378	LP.H 110	Отвердитель светостойкий для ПУ материалов (тара 10 л)	кг
Толкатели	379	MAG D16	Ответная планка для магнита под саморез, D16 мм	шт
Петли мебельные	385	9071205	Петля быстрого монтажа Hettich Sensys 8645I TH 52 накладная 110*, с демпфером	шт
Петли мебельные	386	11027	Петля накладная Clip-on с доводчиком нового поколения	шт
Петли мебельные	387	9071627	Планка монтажная для петли Sensys/Intermat H=3, в комплекте с 2 евровинтами, Hettich	шт
Планки торцевые	388	TG04.0199.07.035	Планка торцевая левая EGGER 38 E, алюминий	шт
Планки торцевые	389	TG04.0199.07.003	Планка торцевая левая EGGER 38 E, белый	шт
Планки торцевые	390	TG04.0199.07.001	Планка торцевая левая EGGER 38 E, хром	шт
Планки торцевые	391	TG04.0199.07.055	Планка торцевая левая EGGER 38 E, черный глянцевый	шт
Планки торцевые	392	TG04.0299.07.035	Планка торцевая правая EGGER 38 E, алюминий	шт
Планки торцевые	393	TG04.0299.07.003	Планка торцевая правая EGGER 38 E, белый	шт
Планки торцевые	394	TG04.0299.07.001	Планка торцевая правая EGGER 38 E, хром	шт
Планки торцевые	395	TG04.0299.07.055	Планка торцевая правая EGGER 38 E, черный глянцевый	шт
Пленки ПВХ	396		Пленка ПВХ 120-6Т DM Белый глянец 0,35х1400мм (182м2)	м2
Пленки ПВХ	397		Пленка ПВХ СС5**7*D 01(31)	м2
Упаковка	398		Пленка стретч NR (УДАЛИТЬ)	шт
Подвесы	399	6999	Подвеска 2 шурупа прорезь сверху	шт
Подвесы	400	92	Подвеска регулируемая универсальная тип 1 (белая)	шт
Каркасы	401		Подстолье	шт
Полкодержатели	402	3072	Полкодержатель метал. никель 1/1	шт
Профили	403	00-00001589	Профиль №10 серебро	шт
Профили	404	122623	Профиль для фасадов DS10 широкий 20*45*2950 (8мм), матовое серебро	шт
Сетки и решетки	405	VG-2020 WH	Решетка вентиляционная универсальная, 227х68 мм, пластик, белый	шт
Ручки	408		Ручка С36 металлик (3) + хром (индивидуальная упаковка с шнур.)	шт
Ручки	409		Ручка СА-1 (96 мм) / (124 мм)	шт
Ручки	410	Алди С-25 металлик	Ручка скоба Алди С-25 96 мм Металлик	шт
Ручки	411		Ручка-кнопка хром матовый	шт
Ручки	412	75503	Ручка-скоба В63-128, матовый хром (АЛЮМИНИЙ)	шт
Ручки	413	7555	Ручка-скоба 63-320, хром	шт
Ручки	414	S-4060-256	Ручка-скоба Kerron 256мм, хром	шт
Ручки	415	11316	Ручка-скоба ОН-63-192, хром	шт
Ручки	416		Ручка-скоба С18 (256 мм) металлик+металлик	шт
Ручки	417	С36 металлик(3) + хром	(УБРАТЬ В АРХИВ В 24г) Ручка-скоба С36 хром матовый+хром 128 мм	шт
Ручки	418		Ручка-скоба, 256 мм	шт
Ручки	419	S-4050-256	Ручка-скоба, 256 мм, хром, S-4050-256	шт
Метизы	420		Саморез 3,5х16мм с потайной головкой, крест, цинк белый	шт
Метизы	421	7889	Саморез 3,5х16мм с потайной головкой, крест, цинк желтый	шт
Метизы	422		Саморез 3,5х20мм с потайной головкой, крест, цинк белый	шт
Метизы	423	8155	Саморез 3,5х64мм 3кг (967шт) с пот.головкой, крест,оксидированный	шт
Метизы	424	9920	Саморез 4х16мм с потайной головкой, крест, цинк белый	шт
Метизы	425		Саморез универсальный 4х30 белый цинк	шт
Зеркала и стекла	426		Скотч двусторонний для зеркал 19мм*20м	шт
Зеркала и стекла	427		Стекло под Профиль №10 серебро	шт
Стяжки/эксцентрики/евровинты	428	11154	Стяжка эксцентриковая (комплект эксцентрик+шток с пластиком саморез)	шт
Толкатели	429		Толкатель фасадов нажимной врезной белый, d10	шт
Толкатели	430		Толкатель фасадов нажимной с магнитом врезной белый, d10	шт
Уголки мебельные	431		Уголок 30*30*30	шт
Профили	432	115426	Уголок сборочный для профиля широкого с винтами, сталь оцинк.	шт
Профили	433	115421	Уплотнитель для фасадного профиля L-образный	пог. м
Направляющие	434	10413	Фиксатор направляющих скрытого типа Clip-on 3D для Unihopper	компл
ХДФ	435		ХДФ лакированная односторонняя Белый фасадный 2800*2070*3	м2
Метизы	436	105265	Шайба кузовная оцинкованная 6x18 мм DIN 9021 (200 шт.)	шт
Ручки	437	10919	Шайба пластиковая бесцветная	шт
Подвесы	438		Шина для подвеса 37*100мм	шт
[другой крепеж]	439	651	Шкант 8х30 мм с насечкой	шт
Стяжки/эксцентрики/евровинты	440	9468	Шток эксцентрика усиленного D20мм евровинт	шт
Метизы	441		Шуруп с прямым крюком 6х40	шт
Стяжки/эксцентрики/евровинты	442		Эксцентрик быстромонтируемый S16 бежевый	шт
Стяжки/эксцентрики/евровинты	443	SE013	Эксцентрик усиленный в пластиковом корпусе 16 мм, серый	шт
Стяжки/эксцентрики/евровинты	444	9467	Эксцентрик усиленный пластиковый D 20мм белый	шт
[другие материалы]	447	110547	Кабель-канал, заглушка для проводки D60, серый	шт
Направляющие	448	10031	Направляющие шариковые полного выдвижения 250мм H=35мм	компл
Профили	449	7626	Труба d=25мм х 3,0м круглая сталь, хром	пог. м
Цоколи	450		Цоколь кухонный ПВХ Н 150мм, №13 Алюминий шлифованный	пог. м
Цоколи	451		Цоколь кухонный ПВХ Н 150мм, №8 Гладкий алюминий	пог. м
Выключатели	483		выключатель сенсорный	шт
Метизы	484		Гайка М8	шт
Метизы	491	83387766	Дюбель потайной Standers PND L 6х50 мм, с шурупом 4х60 мм, нейлон, 50 шт.	шт
Вкладыши	515	82622782	Коврик универсальный Delinia 50х150 см пластик цвет серый	шт
Светодиодные ленты	518	119345	Коннектор для светодиодной ленты 3528 IP20 (8мм) 60 диодов/м.п., LR27	шт
Планки торцевые	622	81967073	Планка для столешницы торцевая 38 мм 62.5 см металл цвет чёрный матовый	шт
ИТО	625	00-00000812	Подводка гибкая для воды 100 см, 1/2" в/н	шт
Светодиодные ленты	644	82458034	Профиль алюминиевый для светодиодной ленты угловой накладной 1 м цвет чёрный	шт
Светодиодные ленты	645	13864895	Профиль для светодиодной ленты угловой 2 м	шт
Стяжки/эксцентрики/евровинты	704	5515 15 MPR	Стяжка кроватная - срединная часть	шт
Стяжки/эксцентрики/евровинты	705	5515 90 P1PR	Стяжка кроватная - часть 1	шт
Стяжки/эксцентрики/евровинты	706	5515 90 P2PR	Стяжка кроватная - часть 2	шт
ИТО	730	БП-00009474	Уголок смонтированный №20 (основной)	шт
Зеркала и стекла	799		Зеркало 4мм б/ц, 598*798, с обработкой	шт
Зеркала и стекла	800		Зеркало 4мм б/ц, 1395*595, с обработкой	шт
Ручки	804	RS-124-128 BL	Ручка-скоба, 128 мм, матовый черный, RS-124-128 BL	шт
Профили	806	163332	Профиль для установки зеркал анодир. алюм. 5,5мм бронза (2,7м)	м
Кромка	807		Кромка ПВХ 2*25 Дуб Атланта 117, GP-Plast (100м)	пог. м
Кромка	808		Кромка ПВХ 0,4*19 Палисандр темный 168, GP-Plast (200м)	пог. м
Кромка	809		Кромка ПВХ 2*35 Кашемир 5981BS, GP-Plast (100м)	пог. м
Кромка	810		Кромка ПВХ 2*19 Кашемир 5981BS, GP-Plast (100м)	пог. м
Кромка	811		Кромка ПВХ 0,4*19 Кашемир 5981BS, GP-Plast (200м)	пог. м
Кромка	812		Кромка ПВХ 2*35 Дуб Атланта 117, GP-Plast (100м)	пог. м
Кромка	813		Кромка ПВХ 0,4*19 Дуб Атланта 117, GP-Plast (200м)	пог. м
Кромка	814		Кромка ПВХ 1*19 Дуб Атланта 117, GP-Plast (200м)	пог. м
Клеи	815		Клей-расплав ЭВА кромочный LERAMELT LR 101N, 25 кг	кг
ЛКМ	816	LIG7000/26	Разбавитель LIGNUM 7000 байцев для распыления н.у. 25,8кг /тара 30л/	кг
ЛКМ	818	LKA000417/1272	Красители ALCEA 99U/XM8000-87 Орех античный (1л/0,94кг)	л
ЛКМ	819	LIG9010/26	ПУ-разбавитель LIGNUM 9010 н.у. 25,3кг /тара 30л/	кг
ЛКМ	820	LSI2211/25-20	Лак акриловый ALCEA 9901/СП20 б/цв матовый, н.у. 25л	л
ЛКМ	821	LSI8106/13	Отвердитель ICSAM 9909/0699 для акриловых ЛКМ, н.у. 2,5л	л
Фанера	825		Фанера ФСФ 2/2 (ВВ/ВВ) 15*1525*3050 ш2 СВЕЗА	м2
Пленки ПВХ	828	813-2	Пленка ПВХ GreenWood ZB 813-2 Кварц софт	м2
Кромка	829	CH66-0903	Кромка ПВХ 0,45*19 Вяз Нэнси (200м)	пог. м
ХДФ	830		Плита ТДВПО 2745*1220*3,2 мм светло-серый	м2
ДСП	831		ЛДСП 22мм Дуб Шамони 2750*1830	м2
Кромка	832		Кромка ПВХ 1*19 Дуб Атланта D1480/WH1459	пог. м
Кромка	833		Кромка ПВХ 0,4*19 Кашемир U495/U474	пог. м
ДСП	834		ЛДСП 16мм Дуб Делано 2750*1830	м2
ДСП	835		ЛДСП 16мм Уни Неро 2750*1830	м2
Кромка	836		Кромка ПВХ 0,4*19 Черный U361/WS340	пог. м
Зеркала и стекла	838		Зеркало 4мм б/ц, 2000*750, с обработкой	шт
Опоры	839	120084	Подпятник, опора регулируемая D17xH17, М6 шестигранная	шт
Опоры	840	120085	Футорка металлическая М6, 8*16 мм, забивная	шт
Ручки	841	101783	Ручка-профиль, торцевая MONTE RT110, 128 / 150 мм, алюминий, черный, Boyard	шт
Ручки	842	195358	Ручка-профиль, торцевая MONTE RT110, 224x2 / 500 мм, алюминий, черный, Boyard	шт
Ручки	843	195362	Ручка-профиль, торцевая MONTE RT110, 384x2 / 900 мм, алюминий, черный, Boyard	шт
Ручки	919	S-4050-288	Ручка-скоба, 288 мм, хром, S-4050-288	шт
МДФ	922		МДФ MB односторонняя белая ламинированная W980SM 2800*2070*16 мм EGGER	м2
Клеи	923		Клей-расплав Lion ED 580 натуральный	кг
Направляющие	924	DM45-300W	Направляющие шариковые, полного выдвижения, 300 мм	шт
Пленки ПВХ	926		Пленка ПВХ СС813*-6D	м2
Петли мебельные	938	10296	Петля угловая 90 Clip-on с доводчиком	шт
Стяжки/эксцентрики/евровинты	939	1799	Стяжка межсекционная металл d=5мм, М4х27, никель	шт
Опоры	940	6381111	Подпятник регулируемый М6	шт
Опоры	941	3699	Футорка, крепеж для опоры М6 (упак 2500)	шт
Ручки	942	11134	Ручка-рейлинг d=10 128 мм, мат.хром	шт
Направляющие	943	13003	Направляющие шариковые полного выдвижения MF с доводчиком, ширина 45мм, длина 400мм	компл
Ручки	944	107573	Ручка-скоба Н76-128, черная	шт
Петли мебельные	945	9713	Петля угловая 90 MF Slide-on	шт
Направляющие	946	10427	Направляющие шариковые полного выдвижения 450мм, Н=45	компл
Ручки	947	10903	Ручка-скоба Н27-128, античная бронза	шт
Наполнение кухонь	948	10601	Посудосушитель Var3 450мм 418х280х75(35)мм (комплект)	шт
Наполнение кухонь	949	3961	Посудосушитель 600мм с поддоном 565х256, хром	шт
Пленки ПВХ	1005		Пленка ПВХ 120-6Т DM Белый глянец 0,30х1400мм (210м2)	м2
Профили	1008	81960926	Погонаж круглый деревянный сращенный 15х2100-2200мм хвоя Экстра	шт
Петли мебельные	1025	14277457	Петля мебельная карточная Левша 35х22 мм сталь цвет золото 2 шт.	шт
Расходные материалы	1027	89145625	Лента клейкая двусторонняя Невский Крепеж 48 мм х 25 м полипропилен цвет желтый	шт
Метизы	1028	18739090	Пластина соединительная PS 80x40x1.8	шт
ДСП	1031		ДСП 16мм Робиния Брэнсон натуральная коричневая Н1251 ST19 Шуя	м2
Петли мебельные	1032	10100412	Петля MASTER накладная 110* с доводчиком, Clip-On, 48AX, Samet	шт
Петли мебельные	1033	10263851	Планка монтажная для IMPRO/INVO/MASTER с регулировкой 3D, дистанция 5 мм, Samet	шт
Петли мебельные	1034	10258001	Заглушка декоративная на плечо для петель MASTER с логотипом SAMET	шт
Петли мебельные	1035	1025505	Заглушка декоративная на чашку петли IMPRO/MASTER, Samet	шт
Наполнение шкафов	1036	104769	Карман к полке сетчатой, серый НД	шт
Петли мебельные	1037	110267	Петля со стопором, SFD-006	шт
Профили	1038	111319	Труба 30*15*3000*0,7мм, овал, хром	пог. м
Наполнение шкафов	1039	112682	Клипса к полке сетчатой, серая	шт
Наполнение шкафов	1040	112683	Наконечник к полке сетчатой, серый	шт
Профили	1041	112774	Штангодержатель овал 15мм, цинковый сплав, литая, никель	шт
Направляющие	1042	545145R745XC0	Направляющие шариковые полного выдвижения 45х450мм с доводчиком, BBS2-R, цинк, FGV	компл
Полкодержатели	1043	119879	Менсолодержатель скрытый без регулировки, 10х100 мм, 5 кг/шт, коричневый	шт
Опоры	1044	14.266/SG15-T03	Подпятник на гвозде, черный, 120083	шт
Заглушки	1045	122574	Заглушка к эксцентрику дуб светлый №15, D18 (1000шт. в упаковке), Россия	шт
Петли мебельные	1046	H5010	Планка монтажная NEO с экс. рег. H=0, BOYARD, 125473	шт
Петли мебельные	1047	H7CP	Заглушка на корпус петель NEO с логотипом BOYARD, 125477	шт
Петли мебельные	1048	H8CP	Заглушка на чашку петель NEO 125478, BOYARD	шт
Петли мебельные	1049	H306A02	Петля NEO PROFI с эксц. рег. накладная 105* с амортизатором, clip-on, 125482, BOYARD	шт
Опоры	1050	141040	Подпятник для мебели на плиту до 16мм, крепление шурупом, белый, Россия	шт
Опоры	1051	141041	Подпятник для мебели на плиту до 16мм, крепление шурупом, чёрный, Россия	шт
Направляющие	1052	DB4515Zn/350	Направляющие шариковые полного выдвижения 45х350мм push to open, 193516, Boyard	компл
Столешницы	1053	1378877	Плинтус 4100x25x25 Мрамор Каррара белый F204, 24000058, Egger	шт
Кромка	1054		Кромка ПВХ 1*19 Дуб Делано темный/ Палисандр темный 168 (200 пог.м)	пог. м
Кромка	1055		Кромка ABS Серый пыльный U732 ST9 б/к 19*0,8 мм	пог. м
Кромка	1056		Кромка ABS Дуб Небраска натуральный Н3331 ST10 б/к 19*0,8мм	пог. м
Кромка	1057		Кромка ПВХ 1*19 Белый фон 2250-K01, Galoplast (200м)	пог. м
ДСП	1058		ДСП 16мм Дуб Небраска натур. Н3331 ST10 Шуя	м2
ДСП	1059		ДСП 16мм Серый пыльный U732 ST9 Шуя	м2
Подвесы	1060	NVS-01-01	Навес регулируемый универсальный тип1, нагрузка 55кг, белый	шт
Кромка	1061		Кромка ABS Шелк серый U707 ST9 б/к 19х0,8 мм	пог. м
Кромка	1062		Кромка ABS Шелк серый U707 ST9 б/к 19х0,4 мм	пог. м
Подвесы	1063	801.22.Z1.IN.SX	Навес 801 левый, нагрузка (100кг), 102389, CAMAR	шт
Подвесы	1064	801.22.Z1.IN.DX	Навес 801 правый, нагрузка (100кг), 102390, CAMAR	шт
Подвесы	1065	801.00.01.00.SX	Накладка для навеса 704/801, белая, левая, 102391, CAMAR	шт
Подвесы	1066	801.00.01.00.DX	Накладка для навеса 704/801, белая, правая, 102392, CAMAR	шт
ДСП	1067		ДСП 16мм Серый шелк U707 ST9 Шуя 2800*2070*16	м2
Вкладыши	1068	PC14/GRPH/292x480	Лоток для столовых приборов блок-константа для столовых приборов BLOKI 190289, графит, Boyard	шт
Вкладыши	1069	PC12/GRPH/157x480	Универсальный широкий блок-лоток BLOKI 190293, графит, Boyard	шт
Вкладыши	1070	PC11/GRPH/107x480	Дополнительный блок-лоток для столовых приборов BLOKI 190295, графит, Boyard	шт
Вкладыши	1071	PC10/GRPH/107x480	Универсальный узкий блок-лоток широкого назначения BLOKI 190297, графит, Boyard	шт
Цоколи	1072	10.0422R 4M	Цоколь пластиковый (высота 100, длина 4000 мм), черный	пог. м
Ручки	1073	PH.RU02.160.AL	Ручка-профиль 160мм (L=190мм) алюминий матовый	шт
Цоколи	1074	19.0422R.10	Уголок 90 градусов универсальный (высота 100), черный	шт
Цоколи	1075	19.0422R.40	Конечный элемент (высота 100), черный	шт
Сетки и решетки	1076	VG-2020 BL	Вентиляционная решетка универсальная, 227x68 мм, пластик, черный	шт
Столешницы	1077		Столешница Бронзовый Каспий №75 38мм 4,2м, Скиф	пог. м
Стеновые панели	1078		Стеновая панель Бронзовый Каспий №75 6мм 4,2м, Скиф	пог. м
Планки торцевые	1079	00-00004305	Планка торцевая 38мм, матовые	шт
Планки торцевые	1080	00-00004304	Планка соединительная угловая 38мм, матовые	шт
Планки торцевые	1081	00-00004307	Планка торцевая 38мм, черная	шт
Планки торцевые	1082	00-00019531	Планка соединительная угловая 38мм, черная	шт
Фанера	1084		Фанера ФК 2/3 (ВВ/СР) 12*1525*1525 ш2	м2
ДСП	1091	W3344G	ЛДСП Белый гладкий W3344G 2500*1830*16	м2
ДСП	1096		ДСП 16мм Дуб Денвер трюфель H1399 ST10 Шуя	м2
Кромка	1097		Кромка ABS Дуб Денвер трюфель H1399 ST10 б/к 19*0,4	пог. м
Зеркала и стекла	1102		Стекло 4мм матовое, 1109*392, с обработкой	шт
Кромка	1103		Кромка ABS Шелк серый U707 ST9 б/к 19х2 мм	пог. м
ЛКМ	1109	FLX-BP84077-WH/76	ПУ-грунт ФЛЕКС 840.77 белый для МДФ, н.у. 30кг	кг
ЛКМ	1110	FLX-VA89325/25	Лак акриловый ФЛЕКС 893.25 полуматовый, н.у. 25л	л
ЛКМ	1111	LKA000478/1272	ПУ-эмаль матовая FLEX 855.10.0000 (бесцветный) RAL 7047 TELEGRAY 4 (2л/2,32кг)	л
ДСП	1112		ЛДСП 16мм Дуб Бунратти 2750*1830	м2
Кромка	1113		Кромка ПВХ 0,4*19 Дуб Бунратти / вяз монро светлый 156 (200м)	пог. м
Кромка	1114		Кромка ПВХ 1*19 Дуб Бунратти / вяз монро светлый 156 (200м)	пог. м
Стяжки/эксцентрики/евровинты	1115	9442	Эксцентрик быстромонтируемый S16 серебро	шт
Стяжки/эксцентрики/евровинты	1116	9443	Стойка к эксцентрику быстромонтируемому, саморез 11мм	шт
Системы выдвижения	1117	10315	Фиксатор Clip-on для ящика Unihopper Magic Box (комплект), DBE.SL1	компл
Системы выдвижения	1118	10325	Адаптер задней панели Unihopper Magic Box H170 (комплект), DA1103E1.170	компл
Системы выдвижения	1119	10327	Боковины для ящика Unihopper Magic Box H170, 450мм (комплект), DBE.170.450W	компл
Системы выдвижения	1120	10313	Заглушка пластиковая для ящика Unihopper Magic Box (комплект), DA1101E1	компл
Системы выдвижения	1121	10328	Крепление фасада для ящика Unihopper Magic Box H170 (комплект), DA1102E3	компл
Системы выдвижения	1122	10311	Направляющие для ящика Unihopper Magic Box, 450мм (комплект), DBE.450SL	компл
Системы выдвижения	1123	10316	Адаптер задней панели Unihopper Magic Box H80 (комплект), DA1103E1.80	компл
Системы выдвижения	1124	10309	Боковины для ящика Unihopper Magic Box H80, 450мм (комплект), DBE.80.450W	компл
Системы выдвижения	1125	10317	Квадратный рейлинг 450mm для ящика Unihopper Magic Box (комплект), DA2101E1.450	компл
Системы выдвижения	1126	10314	Крепление фасада для ящика Unihopper Magic Box H80 (комплект), DA1102E1	компл
Пленки ПВХ	1136		Пленка ПВХ Alda AL-01 Агератум	м2
Планки торцевые	1138	101831	Планка черная матовая, угловая для столешниц 38мм, R3	шт
Цоколи	1139	105964	Цоколь кухонный ПВХ 150х4000мм, белый	пог. м
Наполнение кухонь	1140	114946	Сушилка для посуды в модуль 600мм, нержавеющая сталь	шт
Цоколи	1141	117557	Угловое соединение для цоколя 90 H-150 мм, белый	шт
Системы выдвижения	1142	9230049	Комплект ящика InnoTech Atira 70х520 белый, полн. выдв. Silent System, глубина 550мм, Hettich	компл
Системы выдвижения	1143	9230055	Комплект ящика InnoTech Atira 144х520 белый с релингом, полн.выдв. Silent System, гл.550мм, Hettich	компл
Системы выдвижения	1144	9230059	Комплект ящика InnoTech Atira 176х420 белый с релингом, полн.выдв. Silent System, гл.450мм, Hettich	компл
Системы выдвижения	1145	9230061	Комплект ящика InnoTech Atira 176х520 белый с релингом, полн. выдв. Silent System, гл.550мм, Hettich	компл
Петли мебельные	1146	H305A02	Петля NEO CASUAL накладная 105* с амортизатором, clip-on, H305A02, BOYARD	шт
Петли мебельные	1147	H74202	Петля NEO LINE для фальшпанели с амортизатором, clip-on, H74202, BOYARD	шт
Наполнение кухонь	1148	DB6141Zn/450	Комплект направляющих с дов. для бутылочниц KR25/L и для KR08/L - BELLA и Bellissimo, Boyard, 195521	компл
Наполнение кухонь	1149	KR07/1/0/200	Бутылочница KR08, 200 мм без направляющих Bellissimo, хром, (А)Boyard, 195929	шт
Столешницы	1150		Столешница EGGER H3730 ST10 Гикори натуральный 4100х600х38	пог. м
Метизы	1151	81929008	Пластина опорная 60x60x2 мм, гайка M8, оцинкованная сталь	шт
Метизы	1152	82182134	Саморезы с пресс-шайбой STANDERS оцинкованные 4.2x25, с буром 20 шт.	шт
Метизы	1153	83387765	Дюбель потайной Standers PND L 6х50 мм, с шурупом 4х60 мм, нейлон, 10 шт.	шт
Метизы	1154	84011053	Дюбель Standers для листовых материалов PBA L 37 с шурупом 4.5х35 мм, 4 шт.	шт
Метизы	1165	82182124	Саморезы с пресс-шайбой STANDERS 4.2x75 оцинкованные с острым наконечником, 40 шт.	шт
Петли мебельные	1166	14277473	Петля мебельная карточная Левша 55х30 мм сталь цвет золото 2 шт.	шт
Кромка	1168		Кромка ПВХ 0,4*19 шимо св. 3127 С Ясень Шимо светлый	пог. м
Кромка	1169		Кромка ПВХ 2*19 шимо св. 3127 С Ясень Шимо светлый	пог. м
Кромка	1170		Кромка ПВХ 2*25 шимо св. 3127 С Ясень Шимо светлый	пог. м
[другие материалы]	1171	11460	Кабель-канал D60мм серый (№18)	шт
Опоры	1172	113033	Опора колесная D50 черная с хром. элементами, на площадке, со стопором	шт
Ручки	1173	181437	Ручка мебельная, кнопка 6045-03, Китай, металл, матовый хром	шт
Направляющие	1174	13004	Направляющие шариковые полного выдвижения MF с доводчиком, ширина 45мм, длина 450мм, BBS.45.450.SC	компл
Ручки	1175	7548	Ручка-скоба 63-96, матовый хром	шт
Опоры	1176	4824	Опора кух. рег. 145-175мм, разборная, черная (без винта и клипсы), LKCH.145.175.BLC	шт
Ручки	1177	R296Z.160BLQ99	Ручка мебельная JET 296 м.ц.160мм,замак мат.черн	шт
Каркасы	1178		Каркас двойного рабочего стола 1400*1600	шт
Каркасы	1179		Каркас стола руководителя	шт
Каркасы	1180		Каркас рабочего стола 1400*800	шт
Каркасы	1181		Каркас шкафа-пенала 1900*360*380	шт
Метизы	1182	87959883	Саморезы по металлу оцинкованные 4.2x19 мм 1 кг	шт
Наполнение шкафов	1186	112680	Полка сетчатая 300х3000мм, серая, 12.02.01.2.0.1	шт
Наполнение шкафов	1187	119226	Полка сетчатая 500х3000мм, серая, 12.02.03.2.0.1	шт
Кромка	1196		Кромка ABS Дуб Чарльстон H3154 ST36 б/к 28*2	пог. м
Кромка	1197		Кромка ABS Диамант серый U963 ST9 б/к 19*2	пог. м
ДСП	1198		ДСП 25мм Дуб Чарльстон темно-коричневый H3154 ST36	м2
ДСП	1199		ДСП 16мм Диамант серый U963 ST9 Шуя	м2
Кромка	1201		Кромка ABS 1*19 Дуб Денвер трюфель 42718/H1399	пог. м
Кромка	1202		Кромка ABS Дуб Денвер трюфель 42718/H1399 35/0,45	пог. м
Кромка	1203		Кромка ПВХ 0,4*19 Клауд 101131U Рехау	пог. м
Кромка	1204		Кромка ПВХ 2*19 Клауд 101131U Рехау	пог. м
ДСП	1205		ЛДСП 16мм Клауд K 2750*1830 Lamarty	м2
ДСП	1206		ДСП 16мм Дуб Чарльстон темно-коричневый H3154 ST36	м2
Столешницы	1208		Столешница EGGER F205 ST9 Камень Пьетра Гриджиа антрацит 4100х600х38	пог. м
Кромка	1209		Кромка ABS Дуб Чарльстон темно-коричневый H3154 ST36 б/к 19*0,4	пог. м
Столешницы	1210		Кромка ABS Камень Пьетра Гриджиа антрацит F205 ST9 б/к 43х1,5мм	пог. м
Планки торцевые	1217	100482	Планка матовая, торцевая для мебельных щитов 10мм, L=600мм	шт
Планки торцевые	1218	101832	Планка ЧЕРНАЯ, торцевая для столешниц до 38мм, R3	шт
Направляющие	1219	15402	Направляющие шариковые 350 мм, скрытого типа неполного выдвижения с доводчиком и фиксатором	компл
Пленки ПВХ	1221	R32V-S40	Пленка ПВХ R32V-S40 Супермат антрацит	м2
МДФ	1222		МДФ ST односторонняя белая ламинированная W980SM 2800*2070*19 мм EGGER	м2
[другие материалы]	1227	VS-00026921	Держатель экрана стола (компл из 2шт.) МК.ДЭС.004.AN антрацит	шт
Профили	1228	1232	Штангодержатель D=25мм хром	шт
Петли мебельные	1229	8336	Петля накладная MF-201A, Slide-On	шт
Петли мебельные	1230	38861	Петля накладная FGV MS Slide-On 110*	шт
Петли мебельные	1231	38951	Установочная площадка FGV Genios Slide-On (2мм) саморез	шт
Опоры	1235	125268	Опора Рондо альто Неро, регулируемая D50, H30+5, круглая, пластиковая, черный матовый	шт
Направляющие	1236	190483	Направляющие скр для ящиков, полн. выдвижения, Push to Open в комплекте с фиксаторами, 450 мм, LID	компл
Петли мебельные	1237	10170042	Петля STAR PUSH OPEN накладная 110* без пружины , изгиб 0 мм, 48AX slide-on, Samet	шт
Петли мебельные	1238	102412	Планка монтажная для петли STAR, дистанция 7 мм, Samet	шт
Вкладыши	1239		Органайзер выдвижной серый ML.104-535x350x40	шт
Вкладыши	1240		Органайзер выдвижной серый ML.104-410x350x40	шт
Светодиодные ленты	1241	100826	Светодиодная лента 120 диодов/м.п 2835 нейтральный 12V, 9,6W/м.п., 840 Lm/m, IP33	пог. м
Светодиодные ленты	1242	101081	Блок питания LED 12V/ 60W, в мет. кожухе (узкий), 160х40х30 DFB4SL мм IP20	шт
Светодиодные ленты	1243	101467	Датчик на взмах в профиль диммируемый с памятью 12-24V/60-120W, 48х10х5мм	шт
Светодиодные ленты	1244	127730	Светодиодная лента 120 диодов/м.п 2835 тепл. белый 12V, 9,6W/м.п., 840 Lm/m, IP33	пог. м
Метизы	1277	13617165	Болт с гайкой и шайбой M8x100 мм, 2 шт.	шт
Метизы	1281	82348102	Саморезы для дерева нержавеющая сталь 5x60, 4 шт.	шт
ЛКМ	1298	LKA000583/1272	ПУ-эмаль матовая FLEX 855.10.0000 (бесцветный) NCS S 3500-N (1л/1.15кг)	л
ЛКМ	1299	FLX-HP821/71	Отвердитель FLEX 821.00 для ПУ, н.у. 12кг	кг
ЛКМ	1300	FLX-HP856/71	Отвердитель FLEX 856.00 для ПУ, н.у. 12кг	кг
Кромка	1339		Кромка ПВХ 2*42 Дуб бурбон 42977 5848 К082	пог. м
Клеи	1340		Клей-расплав Unimelt 532, Турция	кг
Пленки ПВХ	1341	622-2	Пленка ПВХ GreenWood LW 622-2 Дуб Мелфорд грей	м2
Пленки ПВХ	1342	OR-14	Пленка ПВХ Organza OR-14 Крокус	м2
Пленки ПВХ	1343	1847-SFT	Пленка ПВХ GreenWood AS 1847-SFT Амарок софт	м2
Пленки ПВХ	1349	444-96163	Пленка ПВХ 444-96163 перванш аргайл софт тач 0,25х1400мм (252м2)	м2
Подвесы	1353	68111	Подвеска регулируемая тип V белая, левая, KZR5.WHT.L	шт
Подвесы	1354	68112	Подвеска регулируемая тип V белая, правая, KZR5.WHT.R	шт
Стяжки/эксцентрики/евровинты	1355	11555	Евровинт 6.3x13 с потайной головкой	шт
Ручки	1356	11931	Ручка-скоба 650 - L224, хром	шт
Наполнение кухонь	1383	12871	Посудосушитель 1-уровневый 600 мм 280х565х65, нержавеющая сталь (комплект)	шт
ДСП	1410		ЛДСП 16мм Светло-серый 2101 2750*1830	м2
Пленки ПВХ	1437	664-SFT	Пленка ПВХ GreenWood LW 664-SFT Орех NY смоук софт	м2
Пленки ПВХ	1438	5029	Пленка ПВХ 5029 Дуб темный	м2
Фанера	1439	11988093	Фанера 12 мм ФК шлифованная 1525x1525 мм сорт 3/4 2.325 м²	м2
Наполнение шкафов	1440	201075	Вешалка выдвижная 300мм, никель	шт
Наполнение шкафов	1441	201076	Вешалка выдвижная 350мм, никель	шт
Ручной инструмент	1446	56, CNFM.Z.H4	Ключ шестигранный для евровинта 4мм "S"-образный	шт
Заглушки	1447	103127	Заглушка-самоклейка d=14мм, легно табак 313, лист 25шт.	шт
Заглушки	1448	103155	Заглушка-самоклейка d=20мм, легно табак 313, комплект 28шт.	шт
Заглушки	1449	103183	Заглушка-самоклейка d=14мм, дуб небраска 123, лист 25шт.	шт
Заглушки	1450	103184	Заглушка-самоклейка d=20мм, дуб небраска 123, лист 28шт.	шт
Клеи	1458	KLB0891/04	ПУ Клей-расплав KLEIBERIT ПУР 707.6.4026, натуральный, пакет 0,4кг	кг
ЛКМ	1459	LIG9147/26	Разбавитель Ультимакс ДЛ 147 для полиуретановых ЛКМ н.у. 24кг /тара 30л/	кг
ДСП	1463		ЛДСП 16мм Черный фон 2750*1830, Шагрень	м2
ДСП	1464		ЛДСП 16мм Дуб Честерфилд 2750*1830, Вуд лайн	м2
ДСП	1465		ЛДСП 16мм Серый темный 2750*1830, Шагрень	м2
Кромка	1466		Кромка ПВХ 0,4*19 антрацит, Серый темный	пог. м
Кромка	1467		Кромка ПВХ 0,8*19 антрацит, Серый темный	пог. м
Кромка	1468		Кромка ПВХ 0,4*19 Дуб харбор золотой К361, Дуб Честерфилд 003	пог. м
Кромка	1469		Кромка ПВХ 0,8*19 Дуб харбор золотой К361, Дуб Честерфилд 003	пог. м
Столешницы	1475		Столешница EGGER F094 ST15 Мрамор Чиполлино черная медь 4100х600х38	пог. м
Профили	1476	76281	Труба (штанга) 30*15 3,0м сталь, овальная, хром (упаковка полиэтилен)	пог. м
Профили	1477	4973	Штангодержатель для трубы овальной 30x15 мм, стальной	шт
Стяжки/эксцентрики/евровинты	1478	6363	Евровинт конфирмат 7,0х70 стальной, оцинкованный	шт
ХДФ	1479		ХДФ лакированная односторонняя Бежевый 522РЕ 2800*2070*3	м2
Кромка	1480		Кромка ABS Хромикс бронза F642 ST16 б/к 19*0,4	пог. м
Кромка	1481		Кромка ABS Дуб Чарльстон H3154 ST36 б/к 43*2	пог. м
Опоры	1504	7323	Опора кух. рег. 145-165мм, разборная, черная (без клипсы) под саморез	шт
Подвесы	1505	10852	Подвеска кухонная стальная с белой заглушкой до 80 кг (2 шт)	компл
Ручки	1506	7182	Ручка-скоба 450-160, алюминий	шт
Опоры	1507	7095	Клипса универсальная черная (для кух.опоры под саморез)	шт
Планки торцевые	1508	5062	Планка д/столешниц "Европа" 38мм 1516/Е 600мм угловая, R9x38x600.Cor	шт
Подвесы	1509	122322	Накладка декоративная для навеса Strong, №11-Бук, левая	шт
Подвесы	1510	122323	Накладка декоративная для навеса Strong, №11-Бук, правая	шт
Стеновые панели	1511		Стеновая панель 4100х640х8 H1145 ST10 Дуб Бардолино нат / F094 ST15 Мрамор Чиполлино чёрная медь	пог. м
Стеновые панели	1512		Стеновая панель 4100х640х8 F502 ST2 Алюминий мелкоматированный / F484 ST87 Спаркл Грэйн рустикальный	пог. м
Столешницы	1513		Столешница 4100х600х38 Спаркл Грэйн рустикальный F484 ST87 постформинг, Egger	пог. м
ДСП	1524		ДСП 16мм Бежевый песок U156 ST9 Шуя	м2
Кромка	1525		Кромка ABS Бежевый песок U156 ST9 б/к 19*0,4 мм	пог. м
Кромка	1527		Кромка ABS Бежевый песок U156 ST9 б/к 19*2 мм	пог. м
ДСП	1528		ДСП 16мм Трюфель коричневый U748 ST9 Шуя	м2
Кромка	1529		Кромка ABS Трюфель коричневый U748 ST9 б/к 19*0,4 мм	пог. м
Кромка	1530		Кромка ABS Трюфель коричневый U748 ST9 б/к 19*2 мм	пог. м
Опоры	1552		Опора регулируемая (Н100) №8 черный (матовый RAL 9005)	шт
ДСП	1553		ЛДСП M.100.SO3 Белый воздушный (вельвет) 2800*2070*16	м2
Кромка	1554		Кромка ABS 2*19 Дуб Табачный K004, GP-Plast (100м)	пог. м
Заглушки	1555		Заглушка-самоклейка d=17мм, кашемир, лист 70шт.	шт
Кромка	1557		Кромка ПВХ 2*19 Кашемир U495/U474	пог. м
ДСП	1558		ЛДСП 16мм Беж Камео 2750*1830, Шагрень	м2
Кромка	1559		Кромка ПВХ 0,4*19 Беж камео	пог. м
Планки торцевые	1560	10892	Планка угловая для столешниц 38мм 1525 е	шт
Кромка	1561		Кромка ПВХ 0,4*19 Дуб Табачный крафт K004 PR (2000м)	пог. м
Заглушки	1564	102859	Заглушка-самоклейка d=14мм, орех селект каминный 351, лист 25шт.	шт
Заглушки	1565	103132	Заглушка-самоклейка d=14мм, орех макиато 850, лист 25шт.	шт
ДСП	1566	W3344G	ЛДСП Белый гладкий W3344G 2800*2070*16	м2
Наполнение шкафов	1568	11319	Крючок R24, 2-рожковый, черный матовый	шт
Наполнение кухонь	1569	4819	Посудосушитель 600 мм 565х280х65мм, нерж. сталь (комплект)	шт
Заглушки	1570	103192	Заглушка-самоклейка d=20мм, базальт 092, лист 28шт.	шт
Светодиодные ленты	1571	118427	Профиль угловой радиусный алюм д/светодиод ленты, анод. серебро, с мат. экраном, 16х16х2000 мм SP280	шт
Светодиодные ленты	1572	119339	Кабель питания для светодиодной ленты 3528 IP20 (8мм) 60 диодов/м.п., 0,15м, LR24	шт
Светодиодные ленты	1573	120886	Блок питания LED 12V/ 40W, в мет. кожухе 85х58х34 мм, IP20, LE12V-40W	шт
Системы выдвижения	1575	9228890	Комплект ящика InnoTech Atira 70х470 серый, полн. выдв. Silent System, гл.500мм, Hettich	компл
Системы выдвижения	1577	9228897	Комплект ящика InnoTech Atira 144х470 серый с релингом, полн. выдв. Silent System, гл.500мм, Hettich	компл
Системы выдвижения	1578	9228913	Комплект ящика InnoTech Atira 176х470 серый с релингом, полн. выдв. Silent System, гл.500мм, Hettich	компл
Петли мебельные	1582	9088021	Петля быстрого монтажа Sensys 8639I TH 52 для фальшпанели 90*, с демпфером, Hettich	шт
Петли мебельные	1583	9090109	Петля быстрого монтажа Intermat 9930 TH 52, чашка Sensys "карусельная" 50/65*, Hettich	шт
Петли мебельные	1584	9088251/9088251/9082614	Заглушка для чашки петли Sensys, стальная, Hettich	шт
Петли мебельные	1588	9088250/9082774	Заглушка для консоли петли Hettich Sensys, стальная, с логотипом	шт
Петли мебельные	1589	9071575	Планка монтажная для петли Hettich Sensys/Intermat H=0, без винтов	шт
Петли мебельные	1590	9071577	Планка монтажная для петли Sensys/Intermat H=3, без винтов, Hettich	шт
Петли мебельные	1591	9099540	Петля быстрого монтажа Sensys 8657I TH 52 накладная 165*, с демпфером, Hettich	шт
Системы выдвижения	1592	9245475	Комплект ящика Hettich InnoTech Atira 54х470 серый, полн. выдв. Silent System, гл. 500мм	компл
Заглушки	1597	102914	Заглушка-самоклейка d=20мм, орех селект каминный 351, лист 28шт.	шт
Заглушки	1598	103160	Заглушка-самоклейка d=20мм, орех макиато 850, лист 28шт.	шт
Толкатели	1599	112989	Толкатель фасадов нажимной (малый), накладной	шт
Подъемные механизмы	1600	123273	Газ-лифт 60N секретерный Art 595K20060603000, FGV	компл
Кромка	1602	120169	Кромка ABS Дуб Чарльстон темно-коричневый H3154 ST36 б/к 19*2	пог. м
Ручки	1646	S-4060-224	Ручка-скоба Kerron 224мм, хром	шт
Заглушки	1650	106881	Заглушка-самоклейка d=14мм, тиковое дерево 3058, лист 50шт.	шт
Метизы	1652	82351101	Болт М8x16 мм DIN 933, нержавеющая сталь, упак. 6 шт.	шт
Профили	1662		Профиль П-обр. под 4мм 10*6*1мм, черный; 3,05м	м
Толкатели	1676	82095632	Толкатель Titus Pl нажимного открытия/закрытия	шт
ХДФ	1677		ХДФ лакированная односторонняя Антрацит 2800*2070*3	м2
ХДФ	1678		ХДФ лакированная односторонняя Холодный серый 2800*2070*3	м2
Кромка	1679		Кромка ABS 0,5*19 Дуб Шамони (200м)	пог. м
Толкатели	1680	110053	Защелка магнитная, белая	шт
Ручки	1694	11404	Ручка-скоба H60-96/150, черный	шт
Ручки	1695	11410	Ручка-скоба H60-320/400, черный	шт
Ручки	1696	11418	Ручка-скоба H60-864/1000, черный	шт
Заглушки	1701	106882	Заглушка-самоклейка d=20мм, тиковое дерево 3058, лист 24шт.	шт
Опоры	1702	18008	Колесная опора сдвоенная усиленная с поворотной площадкой d=60 с тормозом	шт
Клеи	1714		Клей ПУ DUDIPUR D53	кг
Кромка	1715		Кромка ПВХ 1*35 мм, Белая гладкая 2001	пог. м
Кромка	1716		Кромка ПВХ 2*19 Дуб Атланта 117, GP-Plast (100м)	пог. м
Заглушки	1719		Заглушка самоклеящаяся, цвет белый D=14мм	шт
Заглушки	1720		Заглушка самоклеящаяся, цвет белый гладкий D=18мм	шт
Клеи	1721		Клей-расплав Powermelt MS 7515	кг
ЛКМ	1724	FLX-BL88977-WH/71	ПУ-грунт-изолятор ФЛЕКС 889.77 белый для МДФ, н.у. 12кг	кг
ЛКМ	1725	FLX-HP889/66	Отвердитель FLEX 889.00 для ПУ, н.у. 6кг	кг
ЛКМ	1726	LKA000785/1272	ПУ-эмаль матовая FLEX 855.10.0000 (бесцветный) RAL 9005 JET BLACK (1л/0.98кг)	л
ЛКМ	1727	LKA000786/1272	ПУ-эмаль матовая FLEX 855.10.0000 (бесцветный) RAL 9003 SIGNAL WHITE (3л/4.03кг)	л
Кромка	1728	8685 ST	Кромка ПВХ 0,4*19 Белый шагрень 8685 ST	пог. м
Полкодержатели	1734	105433	Полкодержатель Permo SI20, прозрачный	шт
Полкодержатели	1735	105434	Полкодержатель Permo SI20, белый	шт
Полкодержатели	1736	105435	Полкодержатель Permo SI20, серый	шт
Полкодержатели	1737	119748	Полкодержатель дупло 5/5х16мм с пластиковым наконечником, пакет 100 шт.	шт
Петли мебельные	1738	171013	Петля для стеклянных дверей, комплект на 2 двери с двойной защёлкой, хром	компл
Кромка	1739	80191290	Кромочная лента мел. с клеем 0.4х19мм, Антрацит/Серый темный (ANTRACYT U1290,U12290), B2	пог. м
Кромка	1740	80192001	Кромочная лента мел. с клеем 0.4х19мм, Черный (CZARNA U2404,U12140), A2	пог. м
Кромка	1741	80192104	Кромочная лента мел. с клеем 0.4х19мм, Серый фон (SZARNY U2104,U12110), A2	пог. м
Кромка	1742	80192250	Кромочная лента мел. с клеем 0.4х19мм, Белый фон (BIALY W2250.W10050), A1	пог. м
Кромка	1743	80402250	Кромочная лента мел. с клеем 0.4х40мм, Белый фон, гладкая (BIALY W2250,W10050), A1	пог. м
Зеркала и стекла	1744		Стекло 4мм б/ц, 615*277, с обработкой	шт
Зеркала и стекла	1745		Стекло 4мм б/ц, 1259*305, с обработкой	шт
Опоры	1774	5961	Опора 40х40мм, h-100мм, алюминий, LDEC.19134.102	шт
Уголки мебельные	1775	8342	Уголок 20х20х16х1.5 ЦБ с ребром жесткости КУ20 (1520), SCRN.20х20х16.ZNW	шт
Ручки	1785	17417	Ручка BAGIO 128 мм, черный матовый, UZ-BAGIO-128-20M	шт
Ручки	1786	17420	Ручка BAGIO 320 мм, черный матовый, UZ-BAGIO-320-20M	шт
Толкатели	1790	TLK-03-GR	Упор-защелка фасада, серый	шт
[другой крепеж]	1791	90082	Держатель дистанционный пластиковый, 30мм, прозрачный	шт
Компакт плиты	1792		Компакт плита HPL 1962/S Восточная Аврора Abet 4200*1300*12мм Sei	м2
Профили	1795	105917	Уголок сборочный для профиля широкого с винтами, сплав.	шт
Профили	1796	106053	Профиль для фасадов широкий 20х45х3000, кант 8 мм, матовое серебро	м
ЛКМ	1802	FLX-HAF27/61	Отвердитель FLEX F27.00 для акрилов, н.у. 1,5кг	кг
ЛКМ	1803	FLX-VP83510/25	ПУ-лак ФЛЕКС 835.10 матовый 10Глосс, н.у.25л	л
Кромка	1804		Кромка ПВХ 2*19 Карамель-Туя/Акация 1277С (100 п.м)	пог. м
Кромка	1805		Кромка ПВХ 0,4*19 Карамель-Туя/Акация 1277С (200 п.м)	пог. м
ЛКМ	1812	AC40	Отвердитель для акриловых ЛКМ	л
ЛКМ	1813	ATL90 UM	Лак/грунт акриловый (10гл)	л
ЛКМ	1820	CIT24	Краситель для дерева CIT	л
ЛКМ	1821	S70	Разбавитель для ПУ медленный S70	л
ДСП	1842		ЛДСП 16мм Бежевый шампань 2750*1830	м2
ДСП	1843		ЛДСП 16мм Дуб Самдал Мягкое Дерево 2750*1830	м2
ДСП	1844		ЛДСП 16мм Оникс 2750*1830	м2
Кромка	1845		Кромка ПВХ 1*19 Бежевая (200п.м)	пог. м
Кромка	1846		Кромка ПВХ 1*19 Дуб Самдал (200п.м)	пог. м
Ручки	1856	71582	Ручка-скоба K6131E, 96мм, хром	шт
Наполнение шкафов	1857	64331	Соединение крестообразное для 3 труб UNO 3, хром, гальваника	шт
Направляющие	1864	10426	Направляющие шариковые полного выдвижения 400мм, Н=45	компл
ДСП	1865		ДСП 25мм Нежный черный U899 ST9 Шуя	м2
Кромка	1866		Кромка ABS Нежный черный U899 ST9 б/к 28*0,8 мм	пог. м
Наполнение кухонь	1867	9709	Лоток для столовых приборов в базу 600-650мм (540х490х45мм), металлик	шт
[другие материалы]	1868	5272	Заглушка кабель-канала металлическая D80 мм алюминий, PM-LBFI80-05	шт
Полкодержатели	1869	5189	Кляймер №3 для стекла 5мм круглый, прозрачный	шт
Петли мебельные	1870	9099	Петля GTV HC 09 накладная самозакрывающаяся с ответной планкой H-0 с еврошурупом, ZM-ECHC09ZEO	шт
Петли мебельные	1871	11211	Петля накладная GTV клиповая без пружины, с ответной планкой H-0 45мм и еврошурупом, ZP-COCA450-ZE	шт
Ручки	1872	14854	Ручка врезная "L" L-3,5м, черный матовый, PA-0243-35-50-20M	шт
Ручки	1873	25563	Ручка мебельная алюминиевая HEXA L-1200 мм, алюминий, UA-HEXA-1200-05	шт
Наполнение шкафов	1874	17260	Штанга выдвижная PRESTIGE L-402 мм ЭКОНОМ, WW-WSD400-01B	шт
Пленки ПВХ	1875	SF01	Пленка ПВХ SF01 Милк	м2
Пленки ПВХ	1876	822-2	Пленка ПВХ GreenWood LW 822-2 Дуб Мелфорд грей софт	м2
Толкатели	1877	102367	Нажимной толкатель фасадов с магнитом, длинный ход 37мм, врезной, графит d10 AMF15/GRPH, Boyard	шт
Метизы	1878	119768	Гвоздь стальной 2х20 мм, (1 кг) 800-900 шт/кг	шт
Опоры	1879	122339	Опора мебельная INTEGRATO с шипами, H20 регулировка 12мм	шт
Направляющие	1880	193104	Направляющие cкрытые для ящиков полного выдвижения 450мм с доводчиком, B-Slide DB8881Zn/450, Boyard	компл
Направляющие	1881	193110	Направляющие скрытые для ящиков полного выдвижения 450мм Push to open, B-Slide DB8885Zn/450, Boyard	компл
Уголки мебельные	1882	201017	Уголок мебельный №501	шт
Светодиодные ленты	1883	106860/DFS-001	Датчик на касание с диммером в профиль высотой 6 мм 12-24V/60-120W с памятью, 43х10x8мм, провода 8,5	шт
Светодиодные ленты	1884	107250	Светодиодная лента 120 диодов/м.п 2835 тепл. белый 12V, 9,6W/м.п., 1000 Lm/m, IP33	пог. м
Стяжки/эксцентрики/евровинты	1885	114786	Стяжка-полкодержатель VB 35M/16, коричневая, пластмассовая Art. 9066718, Hettich	шт
Стяжки/эксцентрики/евровинты	1886	114787	Стяжка-полкодержатель VB 35М/16, белая, пластмассовая Art. 9064890, Hettich	шт
Стяжки/эксцентрики/евровинты	1887	115282	Шток ввинчиваемый DU 322, d5мм L8, зажимной размер 6,7 мм, оцинкованный Art. 9022370, Hettich	шт
Петли мебельные	1888	117008	Ограничитель угла открывания для Sensys 8657i,105°/120°,пластик антрацит Art. 9090756, Hettich	шт
Петли мебельные	1889	120961	Ограничитель угла открывания угловых петель Sensys 8639i, с 95° до 85°, пластик черный, Art. 9072541	шт
Заглушки	1890	101098	Демпфер самоклеящийся прозрачный 9х2 мм комплект 50шт, силикон	шт
Кромка	1891		Кромка ABS Трюфель коричневый U748 ST9 б/к 28*2 мм	пог. м
Кромка	1892		Кромка ABS Трюфель коричневый U748 ST9 б/к 19*0,8 мм	пог. м
Опоры	1893	125400	Клипса усиленная для крепления цоколя ПВХ, чёрная	шт
Опоры	1894	125401	Площадка к усиленной клипсе (подклипсник) для крепления цоколя из ДСП, чёрная	шт
Кромка	1895		Кромка ABS Орех линкольн H1714 ST19 б/к 19*0,8	пог. м
Кромка	1896		Кромка ABS Трюфель коричневый U748 ST9 б/к 28*0,4 мм	пог. м
Кромка	1897		Кромка ABS Дуб Небраска натуральный Н3331 ST10 б/к 19*0,4мм	пог. м
Кромка	1898		Кромка ABS Дуб Небраска натуральный Н3331 ST10 б/к 28*0,8мм	пог. м
ДСП	1899		ДСП 25мм Трюфель коричневый U748 ST9 Шуя	м2
ДСП	1900		ДСП 16мм Орех Линкольн H1714 ST19 Шуя	м2
Кромка	1901		Кромка ABS Орех линкольн H1714 ST19 б/к 28*2	пог. м
ДСП	1902		ДСП 25мм Орех Линкольн H1714 ST19 Шуя	м2
ЛКМ	1904	AC200	Отвердитель ПУ для глянцевых ЛКМ	л
ЛКМ	1905	ATL503A	Лак акриловый (100гл)	л
ЛКМ	1906	PC20	Отвердитель ПУ PC20	л
ЛКМ	1907	PC60	Отвердитель ПУ PC60	л
ЛКМ	1908	PPLRAL7037UM	Эмаль для дерева RAL7037 UM	кг
ЛКМ	1909	PPLRAL9001UM	Эмаль для дерева RAL9001 UM	кг
ЛКМ	1910	PPS50	Грунт ПУ белый тиксотропный	кг
ЛКМ	1911	PTS20700	Грунт ПУ PTS20700	л
Кромка	1912		Кромка ПВХ 0,4*19 Бежевая (200п.м)	пог. м
Заглушки	1914		Заглушка самоклеящаяся, D=13мм, антрацит, шагрень (Kr 0164), 117шт.	шт
Заглушки	1915		Заглушка самоклеящаяся, D=20мм, антрацит, шагрень (Kr 0164), 54шт.	шт
Заглушки	1916		Заглушка самоклеящаяся, D=13мм, белый, с текстурой дерева (Kr 8100), 117шт.	шт
Заглушки	1917		Заглушка самоклеящаяся, D=13мм, белый, с текстурой деревва (Kr 8100), 54шт.	шт
Заглушки	1918		Заглушка самоклеящаяся, D=13мм, ваниль, гладкая (Kr 9569), 117шт.	шт
Заглушки	1919		Заглушка самоклеящаяся, D=20мм, ваниль, гладкая (Kr 9569), 54шт.	шт
Заглушки	1920		Заглушка самоклеящаяся, D=13мм, дуб Крафт табачный, с текстурой дерева (Kr K004), 117шт.	шт
Заглушки	1921		Заглушка самоклеящаяся, D=20мм, дуб Крафт табачный, с текстурой дерева (Kr K004), 54шт.	шт
Заглушки	1922		Заглушка самоклеящаяся, D=13мм, гикори Рокфорд темный, с текстурой дерева (Kr K087), 117шт.	шт
Заглушки	1923		Заглушка самоклеящаяся, D=20мм, гикори Рокфорд темный, с текстурой дерева (Kr K087), 54шт.	шт
Стяжки/эксцентрики/евровинты	1961	106916	Стяжка-полкодержатель VB 35М/16, серая, пластмассовая Art. 9066712, Hettich	шт
ДСП	1962		ДСП 16мм Кашемир серый U702 ST9 Шуя	м2
Кромка	1963		Кромка ABS Кашемир серый U702 ST9 б/к 19х0,8 мм	пог. м
Зеркала и стекла	1965		Зеркало 4мм б/ц, 1498*478, полировка	шт
ДСП	1972		ЛДСП BySpan 2800*2070*16мм 632 PE Ваниль	м2
Кромка	1973		Кромка ПВХ 0,4*19 Ваниль 632 (1108)	пог. м
Кромка	1974		Кромка ПВХ 1*19 Ваниль 632 (1108)	пог. м
Ручки	1975	75483	Ручка-скоба В63-96, матовый хром (АЛЮМИНИЙ)	шт
ДСП	1977		ЛДСП влагостойкая 16*2440*1830 Белый скандинавский 9003 SM/SM	м2
Каркасы	1986		Каркас журнального столика	шт
Каркасы	1987		Каркас кофейного столика	шт
Каркасы	1988		Каркас банкетки	шт
Опоры	1989	7093	Опора кух. рег. 100-120мм, разборная, черная (без клипсы) под саморез	шт
Зеркала и стекла	1999		Зеркало 4мм серебро, 2017*524, полировка	шт
Зеркала и стекла	2000		Стекло 4мм хим.мат, 807*257, полировка	шт
Кромка	2011		Кромка ПВХ 2*25 Бук Бавария Светлый D1408/WH1387	пог. м
ДСП	2012		ЛДСП 22мм Бук Бавария светлый 2750*1830	м2
Кромка	2013		Кромка ABS Акация лэйклэнд светлая 42048/H1277 22*2 (100м)	пог. м
Кромка	2014		Кромка ABS Акация лэйклэнд светлая 42048/H1277 19*0,45	пог. м
Кромка	2015		Кромка ПВХ 2*19 Акация лэйклэнд светлая 5620/H1277	пог. м
[другой крепеж]	2027		Комплектующие для Fest/Como50подв. для Сэтл	компл
[другой крепеж]	2028		Комплектующие для Quadro60CB/CB-1 подв. для ЦДС	компл
МДФ	2040		Панель глянец белый P100/601 1220*2800*16мм Кастамону	м2
Кромка	2041		Кромка ПВХ глянец белый P100/600 1*22 без. З/П (200м)	пог. м
Метизы	2042		Дюбель PND-6x30 (100шт.), нейлон	шт
Зеркала и стекла	2043		Скотч двухсторонний 19ммх25м, красный, SALTAPE	шт
Стяжки/эксцентрики/евровинты	2044	115252	Шток ввинчиваемый, зажимной DU 232 Twister, размер 30 мм, диаметр 5 мм, глянцевый, 9047644, Hettich	шт
Метизы	2045	119737	Шуруп по дереву и ДСП потай PZ 4х40 пакет 100 шт.	шт
ДСП	2048		ДСП 8 мм Серый перламутровый U763 ST9 Шуя	м2
Заглушки	2049	106801	Заглушка самоклеящаяся, цвет бежевый 0325 D=14 мм , 50 штук Турция	шт
Заглушки	2050	106911	Заглушка самоклеящаяся, цвет ваниль 2355 D=14 мм , 50 штук Турция	шт
Заглушки	2051	106912	Заглушка самоклеящаяся, цвет ваниль 2355 D=20 мм , 24 штук Турция	шт
Заглушки	2052	106952	Заглушка самоклеящаяся, цвет дуб молочный 7523 D=20 мм , упаковка 24 штук Турция	шт
Подвесы	2053	101407	Планка крепежная для навеса (код 101136), оцинкованная	шт
Наполнение шкафов	2054	IN01051A	Направляющая одинарная нижняя серебро INTEGRO, L-6000	шт
Наполнение шкафов	2055	IN01100A-S3	Направляющая нижняя серебро INTEGRO, L-3000	шт
Наполнение шкафов	2056	IN01200A-S3	Направляющая верхняя серебро INTEGRO, L-3000	шт
Толкатели	2057	4 523 875	Ответная планка-саморез металлическая D10, K-PUSH TECH	шт
Наполнение шкафов	2058	BR4P6WH	Щеточный уплотнитель, белый, 6 мм INTEGRO	м
Наполнение шкафов	2059	ROL1260	Комплект универсальных роликов на 1 дверь INTEGRO	компл
Ручки	2061	TLK R 4 MM	Втулка пластиковая для стекла толщиной 4-5 мм, прозрачная	шт
Наполнение шкафов	2062	VS - ROL	Стопор INTEGRO	шт
Ручки	2064	S-4070-256	Ручка-скоба Kerron 256мм, хром, S-4070-256	шт
ДСП	2066		ЛДСП Lamarty 2750*1830*16мм Вулканический серый Р	м2
Кромка	2067		Кромка ПВХ 0,8*19 Серый Вулканический 101031U Рехау	пог. м
ДСП	2068		ЛДСП Lamarty 2750*1830*16мм Белый Кристалл К	м2
Полкодержатели	2069	2574 21	Полкодержатель для деревянных полок с фиксацией FLIPPER, белый	шт
Полкодержатели	2070	2574 50	Шток с гладким штифтом для полкодержателя FLIPPER	шт
Подвесы	2071	K013.001L.101	Навес 801 Мебельный цельнометаллический на футорках, 100 кг, левый	шт
Подвесы	2072	K013.001R.101	Навес 801 Мебельный цельнометаллический на футорках, 100 кг, правый	шт
Сетки и решетки	2073	VG-2030 WH	Решетка вентиляционная универсальная, 350х68 мм, пластик, белый	шт
Заглушки	2074	102911	Заглушка-самоклейка d=20мм, бежевый песок 062, лист 28шт.	шт
Полкодержатели	2075	105438	Шток Permo PV21 со штифтом для полкодержателя SI20	шт
Опоры	2081	10565	Регулятор накладной с пластиковым подпятником 30000Z232A2 Италия	шт
Петли мебельные	2082	9552	Петля полунакладная 91370.052 Clip-on с доводчиком	шт
Розетки	2088	BR-R14-16- K45	Розетка с заземлением с защитными шторками 16А РС14-1-0-БрТБ темная бронза, BRITE	шт
Розетки	2089	BR-M12-K45	Рамка 1 пост РУ-1-БрТБ темная бронза, BRITE	шт
Розетки	2090	BR-M22-K45	Рамка 2 поста РУ-2-БрТБ темная бронза, BRITE	шт
Клеи	2091	81959454	Клей Tytan для зеркал и стекла цвет бежевый 290 мл	шт
[другие материалы]	2094		Стабилизированный мох ягель (light green)	кг
Пленки ПВХ	2095	OR-17	Пленка ПВХ Organza OR-17 Эйхория	м2
ДСП	2096		ЛДСП 16мм Бук Бавария светлый 2750*1830	м2
Кромка	2097		Кромка ПВХ 0,4*19 Бук Бавария Светлый D1408/WH1387	пог. м
Кромка	2098		Кромка ПВХ 2*19 Бук Бавария Светлый D1408/WH1387	пог. м
Толкатели	2099	112927	Толкатель фасадов нажимной с магнитом, длинный ход 40мм, накладной, серый, 21N	шт
Ручки	2100	S-4070-288	Ручка-скоба Kerron 288мм, хром, S-4070-288	шт
Направляющие	2106	PB-0SHX-250-A	Направляющие скрытого монтажа MODERN SLIDE L250 полного выдвижения с доводчиком	компл
Направляющие	2107	PB-0SHX-500-A	Направляющие скрытого монтажа MODERN SLIDE L500 полного выдвижения с доводчиком	компл
Петли мебельные	2108	ZM-ECHC09BEO	Петля GTV HC 09 накладная самозакрывающаяся с ответной планкой H-0, без еврошурупа	шт
ДСП	2109		ДСП 16мм Белый классический W960 ST9 Шуя	м2
Опоры	2110	18007	Колесная опора сдвоенная усиленная с поворотной площадкой d=60	шт
Ручки	2111	785821	Ручка-скоба K6127E AL 96мм, хром	шт
Ручки	2112	785421	Ручка-скоба K6127E AL 128мм, хром	шт
Светодиодные ленты	2140	100627	Профиль врезной алюм. д/светод. ленты, анод. серебро, с мат. экраном и заглушками 21,5х6,8х2000 мм	шт
Светодиодные ленты	2141	105472	Провод соединительный 2х0,5мм2, ШВПМ max. 5А, черно-красный	пог. м
Светодиодные ленты	2142	106715	Светодиодная лента 120 диодов/м.п 2835 хол. белый 12V, 9,6W/м.п., 1000 Lm/m, IP33	пог. м
Светодиодные ленты	2143	121868	Датчик беcконтактный для плиты до 40 мм 12V/50W IP20, AE-WPDRW-00, GTV	шт
[другие материалы]	2144	11463	Кабель-Канал D 60мм бежевый (№2)	шт
Направляющие	2150	104943	Направляющие шариковые полного выдвижения FGV 550 мм H=45мм с доводчиком	компл
Петли мебельные	2151	9551	Петля вкладная 91370.082 Clip-on с доводчиком	шт
Розетки	2152	12240861	Вилка бел/красн с/з с ручкой	шт
ДСП	2155		ЛДСП 16мм Ноче Экко 2750*1830, Древесные поры	м2
Кромка	2156		Кромка ПВХ 0,4*19 орех 4842 С Ноче Экко	пог. м
Кромка	2157		Кромка ПВХ 1,8*19 орех 4842 С Ноче Экко	пог. м
Петли мебельные	2166	ZM-DCHC09-3DBEO	Петля SOLID PLUS накладная самозакрывающаяся, регулировка в 3 плоскостях, без еврошурупа	шт
Цоколи	2168	6762	Цоколь кухонный H100мм L4м, пластик, белый, SCL.100x4000x13mm.WHT	пог. м
Цоколи	2169	9403	Торцевая заглушка цоколя 100мм, пластик, белый	шт
Цоколи	2170	10247	Соединение цоколя 90°(универсальное) 100мм, пластик, белый	шт
Системы выдвижения	2171	10312	Направляющие для ящика Unihopper Magic Box, 500мм (комплект) с доводчиком	компл
Столешницы	2172		Столешница Кедр 5110/1 Андромеда Белая, R9, 1U, 3050х600х40	пог. м
Стеновые панели	2173		Стеновая панель Кедр 5110/1 Андромеда Белая, Б/З, 3050х600х6	пог. м
Столешницы	2174		Кромка с/к Кедр 5110/1 Андромеда Белая, Б/З, 3050х44х40	пог. м
Планки торцевые	2175	038.93.сер	Планка угловая, H=38мм, R=9мм, матовая	шт
Планки торцевые	2176	038.92.сер	Планка соединительная, H=38мм, R=9мм, матовая	шт
Зеркала и стекла	2177		Зеркало 4мм б/ц, 2300*835, полировка	шт
Наполнение шкафов	2178	IN01050A	Профиль горизонтальный нижний серебро INTEGRO, L-6000	шт
Наполнение шкафов	2179	IN01140A	Профиль горизонтальный верхний серебро INTEGRO, L-6000	шт
Наполнение шкафов	2180	IN01180A	Профиль-ручка INTEGRO асим. серебро (анод), L-5400	шт
Опоры	2181	119099	Опора мебельная INTEGRATO с шипами, H40 регулировка 25мм	шт
Наполнение шкафов	2182	201.CR 03	Соединитель (перпендикулярный 2-х труб), хром	шт
Наполнение шкафов	2183	220.CR 03	Соединитель перпендикулярный 3-х труб, хром	шт
Наполнение шкафов	2184	BR6GR	Щеточный уплотнитель, серый, 6 мм INTEGRO	м
Наполнение шкафов	2185	ROL-COMPLECT/А1	Комплект роликов на 1 дверь ROL асимм. INTEGRO	компл
Наполнение шкафов	2186	КП 80 01-04	Уплотнитель 4+ мм INTEGRO	м
Наполнение шкафов	2187	КП 80 07-07	Уплотнитель 4+ мм INTEGRO WOODLINE	м
ДСП	2215		ДСП 10мм Белый классический W960 ST9 Шуя	м2
ДСП	2217		ЛДСП 16мм Ясень Шимо темный 2750*1830	м2
Кромка	2218		Кромка ПВХ 0,4*19 Ясень Шимо Темный D1405/WH1384	пог. м
Кромка	2219		Кромка ПВХ 2*19 Ясень Шимо Темный D1405/WH1384	пог. м
ДСП	2220		ЛДСП 16мм Вишня Оксфорд 2750*1830	м2
Кромка	2221		Кромка ПВХ 0,4*19 Вишня Оксфорд D1407/WH1386	пог. м
Кромка	2222		Кромка ПВХ 2*19 Вишня Оксфорд D1407/WH1386	пог. м
Кромка	2223		Кромка ПВХ 2*19 Черный U361/WS340	пог. м
ДСП	2224		ДСП 10мм Белый премиум (древесина) W1000 ST19 Шуя	м2
Кромка	2225		Кромка ПВХ 0,8*19 Титан 101112М Рехау	пог. м
Фанера	2228	82017896	Фанера FF 1/1 15*2440*1220 (темно-коричневая)	м2
Опоры	2233	8038	Колесо прямоходное; ролик откатной 1мм тип 3 (Россия)	шт
Заглушки	2234	106752	Заглушка самоклеящаяся, цвет груша 7043 D=20 мм, 24 штук Турция	шт
Заглушки	2235	106732	Заглушка самоклеящаяся, цвет вишня 7061 D=20 мм, 24 штук Турция	шт
Заглушки	2236	106751	Заглушка самоклеящаяся, цвет груша 7043 D=14 мм, 50 штук Турция	шт
Кромка	2237		Кромка ПВХ 2*19 Титан 6430 (100п.м)	пог. м
ДСП	2238		ДСП 16мм Дуб Корбридж натур. Н3395 ST12	м2
Кромка	2239		Кромка ПВХ 2*42 Черный 2200	пог. м
Кромка	2240		Кромка ПВХ 2*19 Дуб светлый 4227	пог. м
Пленки ПВХ	2241	674-2A	Пленка ПВХ GreenWood LW 674-2A Дуб мадейра песок	м2
Столешницы	2242		Столешница Черный королевский жемчуг №62 38мм 3,05м, Скиф	пог. м
[другие материалы]	2243	AX202/90	Механизм цилиндровый с вертушкой AJAX AX202/90 mm (40+10+40) CP хром 5 ключей	шт
Зеркала и стекла	2246		Стекло 4мм Планибель бронз, 1109*392, с обработкой	шт
Петли мебельные	2279	H961A02/BN	Петля NEO PROFI PUSH с эксц. рег. накладная 105* без пружины, clip-on, черный никель, Boyard	шт
Петли мебельные	2280	H5012BN	Планка монтажная NEO с экс. рег. H=2 черный никель, BOYARD	шт
Стяжки/эксцентрики/евровинты	2281	110381	Стяжка для соединения столешниц L=65мм	шт
Опоры	2282	125274	Опора Поло, регулируемая 40х40, H100-120, квадратная, пластиковая, черный матовый	шт
Ручки	2283	195187	Ручка мебельная, скоба URSULA RS433BL.4/96, 96 мм, черный матовый, Boyard	шт
Столешницы	2284		Столешница EGGER H1145 ST10 Дуб Бардолино натуральный 4100х600х38	пог. м
Столешницы	2285		Столешница EGGER H1145 ST10 Дуб Бардолино натуральный 4100х920х38	пог. м
Столешницы	2286		Столешница EGGER U702 ST78 Кашемир серый 4100х600х38	пог. м
Кромка	2287		Кромка ABS Кашемир серый U702 ST9 б/к 43х2 мм	пог. м
ДСП	2288		ЛДСП 16мм Дуб Сонома 2750*1830	м2
Кромка	2289		Кромка ПВХ 2*19 Дуб Сонома	пог. м
Кромка	2295		Кромка ПВХ 2*42 Дуб Сонома	пог. м
ДСП	2296		ЛДСП 22мм Дуб Сонома 2750*1830	м2
Кромка	2297		Кромка ПВХ 1,8*25 Дуб Сонома	пог. м
Кромка	2303		Кромка ПВХ 1*19 Ясень шимо светлый	пог. м
Кромка	2304		Кромка ПВХ 0,4*19 Белая гладкая 2001 GP-Plast	пог. м
Кромка	2305		Кромка ПВХ 1*19 Белая гладкая 2001 GP-Plast	пог. м
ДСП	2306		ЛДСП 10мм Кронберг 2750*1830	м2
ДСП	2307		ЛДСП влагостойкая 16*2440*1830 Белый 9006 SM/SM	м2
[другой крепеж]	2315	85066256	Набор накладок 2 мм, фетр, 175 шт.	шт
[другой крепеж]	2327		Комплектующие для Fest50 LKC-3 для ЛСР	компл
[другой крепеж]	2328		Комплектующие для Fest60 LKC-3 для ЛСР	компл
ЛКМ	2337		Масло для столешниц NEOMID PREMIUM (Бесцветный, 0,4 л) / Масло для деревянных столов, досок и посуды	шт
ДСП	2341		ЛДСП 16мм Оранжевый 2750*1830	м2
ДСП	2342		ЛДСП 16мм Черный кристалл 2750*1830	м2
ДСП	2343		ЛДСП 16мм Дуб Харбор белый 2750*1830	м2
Кромка	2344		Кромка ПВХ 1*19 Дуб Харбор белый/Дуб Эльза (200м)	пог. м
Фанера	2345		Фанера ФСФ 2/3 (ВВ/СР) 09*2440*1220 ш2	м2
Столешницы	2346		Мебельный щит, ДУБ, 40мм, ЦЕЛЬНЫЙ (1200*600 ЭКСТРА)	шт
Профили	2347		Брусок 19*40*2200мм, сращ., б/с	шт
Заглушки	2348		Заглушка-самоклейка d=14мм, в ассортименте	шт
Заглушки	2349		Заглушка-самоклейка d=20мм, лист 28шт., в ассортименте	шт
Опоры	2350	112432	Ролик откатной D25	шт
Ручки	2351	196153	Ручка мебельная, скоба FS 212, 128 мм, черный матовый, Валмакс	шт
Заглушки	2352		Заглушка-самоклейка d=13мм, в ассортименте	шт
Заглушки	2353		Заглушка-самоклейка d=17мм, лист 70шт., в ассортименте	шт
Заглушки	2355	SCR.001.014.0004	Заглушка для винта бронза состаренная	компл
Ручки	2356	SH.RU2.096.BL	Ручка-раковина 96мм крепление саморезами черный матовый	шт
Кромка	2358		Кромка ABS Черный U999 ST7 б/к 19*2 мм	пог. м
Клеи	2361	KLB0106	Клей-расплав Kleiberit 773.3 мешок 20кг	кг
ЛКМ	2364		Лак PARKETT паркетный глянцевый 2л DUFA Retail	шт
ДСП	2365		ЛДСП Белый Супер ГЛАДКИЙ (Матовый) 16мм 2750*1830 влагостойкая	м2
[другой крепеж]	2377		Комплектующие для Como40подв. для Сэтл	компл
ДСП	2378		ЛДСП Lamarty 2750*1830*16мм Альберо	м2
Клеи	2382	AN705_125	Набор для экспресс склеивания Akfix 705 (125 гр+400 мл)	кг
Заглушки	2386		Заглушка 13 мм (наклейки или пластиковые).к отбойной доске ЛДСП Кронберг	шт
Заглушки	2387		Заглушка 13 мм (наклейки или пластиковые).к отбойной доске CPL 0.5 Дуглас светлый 3842/М	шт
Петли мебельные	2388	51MS150515P	Петля SLIDE-ON без амортизатора вкладная (90/105), стандартная	шт
Петли мебельные	2389	520201M500P	Площадка установочная под саморезы SLIDE-ON (0 мм)	шт
Подвесы	2395	1000791	Навес врезной SAH 302 белый, Hettich	шт
Подвесы	2396	1004973	Крюк для навеса SAH 302, 6х50, Hettich	шт
Уголки мебельные	2398	4585	Уголок СТ.128 40х40х16мм, толщина 1,8мм	шт
Стяжки/эксцентрики/евровинты	2399	12873	Эксцентрик усиленный пластиковый D 20мм темно-серый	шт
Направляющие	2403	10410	Направляющие для ящика Unihopper Magic Box, 400мм, с доводчиком	компл
МДФ	2406		ЛМДФ Kronospan Белый/Гладкая Deep 1ст. 2500*2070*16	м2
Кромка	2407		Кромка ПВХ 0,4*19 Серый Графит 0162, Galoplast (200м)	пог. м
Кромка	2408		Кромка ПВХ 0,4*19 Ясень шимо светлый 3238	пог. м
ДСП	2409		ЛДСП влагостойкая 16*2440*1830 Антрацит 9200 PE/PE	м2
[другой крепеж]	2410		Комплектующие для Fest50/60 антрацит для Силты	компл
Направляющие	2413	PB-0SHX-450-A	Направляющие скрытого монтажа MODERN SLIDE L-450 полного выдвижения с доводчиком	компл
Направляющие	2414	PK-L-H45-450-B	Направляющие шариковые, GTV Versalite PLUS+, PK-L-H45-450-B с доводчиком	компл
Петли мебельные	2415	ZM-ECHC08ZEO	Петля GTV HC 08 полунакладная самозакрывающаяся с ответной планкой H-0 и еврошурупом	шт
Столешницы	2425		Столешница Золотистый Дуб №98 38мм 600*3000, Скиф	пог. м
Столешницы	2426		Кромка с клеем 50*3000*1 Скиф №98 Золотистый Дуб	пог. м
Толкатели	2427	TLK-04M-GR	Упор-защелка фасада с магнитом, серый	шт
МДФ	2443		МДФ шпон Дуб 2800*2070*17 AB	м2
Кромка	2444		Кромка дуб (флис) 19мм для шпонированного МДФ	м2
ЛКМ	2445	87660454	Лак яхтный Tikkurila Unica Super Strong База ЕР бесцветный высокоглянцевый	шт
Кромка	2451		Кромка ПВХ 1*19 Кашемир 5981S, GaloPlast	пог. м
Кромка	2452		Кромка ПВХ 2*25 Дуб Сонома	пог. м
Направляющие	2453	8319	Направляющие шариковые полного выдвижения 550мм, Н=45	компл
Опоры	2454	10193	Колесная опора с площадкой d=50, 38*38*1,5 резиновый ход	шт
ДСП	2459		ЛДСП Kronospan 7045 SU Сатин/текстура Супер матовый 2800*2070*16мм	м2
ДСП	2492		ЛДСП 16мм Ясень Шимо светлый 2750*1830	м2
ДСП	2493		ЛДСП 16мм Дуб Делано натуральный 2750*1830	м2
Кромка	2494		Кромка ПВХ 2*19 орех экко 317	пог. м
Кромка	2495		Кромка ПВХ 2*25 орех экко	пог. м
Кромка	2496		Кромка ПВХ 2*25 Ясень Шимо темный	пог. м
ДСП	2497		ЛДСП 22мм Ясень Шимо темный 2750*1830	м2
ДСП	2498		ЛДСП 22мм Дуб Делано натуральный 2750*1830	м2
ДСП	2499		ЛДСП 22мм Орех Экко 2750*1830	м2
ДСП	2500		ДСП 16мм Синий дымчатый U502 ST9 Шуя	м2
Кромка	2501		Кромка ABS Синий дымчатый U502 ST9 б/к 19*0,4 мм	пог. м
Кромка	2502		Кромка ABS Синий дымчатый U502 ST9 б/к 19*0,8 мм	пог. м
МДФ	2503		ЛМДФ 1 ст. белая гладкая Мостовдрев 2800*2070*16	м2
Петли мебельные	2509	10617	Петля вкладная 091370.082 Clip-on с доводчиком	шт
Петли мебельные	2510	10616	Петля накладная 091370.022 Clip-on с доводчиком	шт
Петли мебельные	2511	10618	Петля полунакладная 091370.052 Clip-on с доводчиком	шт
Петли мебельные	2512	8338	Петля вкладная MF-201С, Slide-on	шт
Наполнение шкафов	2513	11309	Крючок R17, 2-х рожковый, черный	шт
Наполнение кухонь	2514	724211	Бутылочница 150мм 2-уровневая V-40911 100х470х545 с креплением для фасада, с направляющими, с дов.	шт
Наполнение кухонь	2515	96951	Шариковые направляющие для бутылочниц квадро полного выдвижения, с доводчиком, левые	шт
Сетки и решетки	2518		Решетка вентиляционная для цоколя №14 (темно-серый), 390х65мм, пластик	шт
Столешницы	2520		Столешница Белый №10 38мм 3,05м, Скиф	пог. м
Столешницы	2521		Столешница Гранит черный №26 38мм 3,05м, Скиф	пог. м
Столешницы	2522		Кромка с клеем 50*3000*1 Скиф №10 Белый	пог. м
Столешницы	2523		Кромка с клеем 50*3000*1 Скиф №26 Гранит черный	пог. м
ДСП	2524		ЛДСП 16мм Графит 2750*1830	м2
Кромка	2525		Кромка ПВХ 1*19 Дуб Делано натуральный (200 пог.м)	пог. м
Каркасы	2527	88331547	Подстолье для обеденного и письменного стола 71 см сталь цвет белый матовый	шт
Системы выдвижения	2528	15501	Комплект Tango на ящик 450мм с традиционными боковинами стандартной высоты, графит	компл
Системы выдвижения	2529	15559	Держатель продольного рейлинга универсальный для ящика Tango, графит	компл
Системы выдвижения	2530	9872	Рейлинг продольный для ящика Tango Box 450м, графит	компл
Стяжки/эксцентрики/евровинты	2531	9465	Эксцентрик усиленный пластиковый D 20мм темно-коричневый	шт
ДСП	2532		ЛДСП 22мм Ясень Шимо светлый 2750*1830	м2
Зеркала и стекла	2602	89145571	Лента клейкая двусторонняя для крепления зеркал Невский Крепеж 19 мм х 5 м	шт
Метизы	2605	84011055	Дюбель Standers для листовых материалов PBA L 37 с шурупом 4.5x35 мм, 50 шт.	шт
Метизы	2607	88784302	Саморезы универсальные Standers оцинкованные 3x25 на вес	кг
Ручки	2614	GL3.3566.4100.7W PR	Ручка-профиль GOLIGHT универсальная под столешницу, под светод. ленту, черный матовый (анод), L-4100	шт
Заглушки	2615	SCR.001.014.0015	Заглушка для винта серебро состаренное	компл
Светодиодные ленты	2616	GL3.6197.0000.00 CN	Крепление универсальное GOLIGHT для профилей под светодиодную ленту	компл
Системы выдвижения	2617	SB18W.1/450	Направляющие SB18 СТАРТ SOFT с прямыми боковинами стандартной высоты, 86мм	компл
Системы выдвижения	2618	SB20W.1/450	Направляющие SB20 СТАРТ SOFT с прямыми боковинами высокий, 167мм	компл
Петли мебельные	2619	H301A02/0910	Петля H301A02/0910 уст. 90* откр. 105* накладн. доводчик, BOYARD	шт
Петли мебельные	2620	H102A02/0112	Петля H102A02/0112 уст. 90* откр. 108* накладн. без доводчика (110гр), BOYARD	шт
Петли мебельные	2621	H301C02/0910	Петля H301C02/0910 уст. 90* откр. 105* вкладн. доводчик, BOYARD	шт
Наполнение кухонь	2622	KR07/1/0/150	Корзина для бутылочницы KR08/150 без направляющих	шт
Наполнение кухонь	2623	DB6141Zn/450	Направляющие DB6141Zn/450 для KR02/L и KR07/L	шт
Пленки ПВХ	2624	78991	Пленка ПВХ 78991 Софт латте	м2
Пленки ПВХ	2625	2523	Пленка ПВХ 2523 Эмалит Арктик	м2
Кромка	2626		Кромка ABS Черный U999 ST78 б/к 43*1,5 мм	пог. м
Ручки	2627	195359	Ручка-профиль, торцевая MONTE RT110BL.1/000/600, 256x2 / 600 мм, черный, Boyard	шт
Ручки	2628	197340	Ручка-профиль, торцевая MONTE RT110BL.1/000/1200, 352х3 / 1200 мм, черный, Boyard	шт
Подвесы	2629	102369	Навес 814.35 врезной для стеновых панелей, нагрузка (42кг.), 814.35.P2.02.05, CAMAR	шт
Наполнение шкафов	2630	112684	Кронштейн к полке сетчатой, серый	шт
Каркасы	2631	П8540.2550.9005-2	Подстолье для стола Лофт П85х40 RAL9005-2 черный муар	шт
Каркасы	2632	П1140.2550.9005-2	Подстолье для стола Лофт П110х40 RAL9005-2 черный муар	шт
Светодиодные ленты	2633	LSPA-DIF1.3-M-3	Рассеиватель матовый для профиля SM-x/FM-x/CM1/GL3.152, L-3000	шт
Светодиодные ленты	2634	LSPA-DIF-CM2.3-3	Рассеиватель белый матовый для профиля СМ2, L-3000	шт
Светодиодные ленты	2635	LSP-CM2-ALU-3-AL	Профиль СМ2, угловой, серебро, 16х16мм, для овального рассеивателя, L-3000	шт
Светодиодные ленты	2636	LSP-FM1-ALU-3-AL	Профиль FM1, врезной, серебро, 20х7,5мм, L-3000	шт
Светодиодные ленты	2637	LS24-2835NW20-9.6	Лента светодиодная 2835/120, 24V, 5 м, нейтральный белый 4000К, IP20, 9.6W/1м	пог. м
Светодиодные ленты	2638	LSA-8-PC-L15-D	Коннектор STANDART для ленты 8 мм, к блоку питания, провод 150 мм, IP20	шт
Светодиодные ленты	2639	LSA-8-ST-SS-NO-20	Коннектор STANDART для ленты 8 мм, стык в стык, IP20	шт
Светодиодные ленты	2640	LSPA-DIF-CM2.3	Рассеиватель белый матовый для профиля СМ2, L-2000	шт
Светодиодные ленты	2641	LSP-CM2-ALU-2-BL	Профиль СМ2, угловой, черный, 16х16мм, для овального рассеивателя, L-2000	шт
Светодиодные ленты	2642	PS24-IP20-SL-S-18W	Блок питания SLIM AC-230/DC-24V, сверхтонкий, IP20, 18W	шт
Светодиодные ленты	2643	SW1-MS-PR-1	Выключатель, на взмах руки, для установки в профиль, 12/24V, 60/120W	шт
ДСП	2645		ЛДСП 16мм Бетон пайн темный 2750*1830	м2
Кромка	2646		Кромка ПВХ 0,4*19 Дуб Делано Натуральный (100м)	пог. м
Кромка	2647		Кромка ПВХ 2*19 Дуб Делано Натуральный (100м)	пог. м
Кромка	2648	31149	Кромка ПВХ 0,4*19 Бетон Пайн темный 31149 (200м)	пог. м
Кромка	2649	31149/2	Кромка ПВХ 2*19 Бетон Пайн темный 31149 (200м)	пог. м